Geographic Area,Base Population (2020),Year,Population
"Abilene, TX",176562.0,2020,176883.0
"Akron, OH",702225.0,2020,701674.0
"Albany, GA",148915.0,2020,148249.0
"Albany, OR",128611.0,2020,128981.0
"Albany-Schenectady-Troy, NY",899247.0,2020,899724.0
"Albuquerque, NM",916545.0,2020,917579.0
"Alexandria, LA",152184.0,2020,151800.0
"Allentown-Bethlehem-Easton, PA-NJ",861910.0,2020,861557.0
"Altoona, PA",122827.0,2020,122666.0
"Amarillo, TX",268683.0,2020,269029.0
"Ames, IA",125242.0,2020,125347.0
"Amherst Town-Northampton, MA",162316.0,2020,146616.0
"Anchorage, AK",398312.0,2020,398397.0
"Ann Arbor, MI",372258.0,2020,371834.0
"Anniston-Oxford, AL",116441.0,2020,116243.0
"Appleton, WI",243153.0,2020,243451.0
"Asheville, NC",406933.0,2020,407563.0
"Athens-Clarke County, GA",215422.0,2020,215712.0
"Atlanta-Sandy Springs-Roswell, GA",6106847.0,2020,6120849.0
"Atlantic City-Hammonton, NJ",369798.0,2020,369234.0
"Auburn-Opelika, AL",193774.0,2020,194218.0
"Augusta-Richmond County, GA-SC",610978.0,2020,612172.0
"Austin-Round Rock-San Marcos, TX",2283379.0,2020,2300135.0
"Bakersfield-Delano, CA",909229.0,2020,905910.0
"Baltimore-Columbia-Towson, MD",2844523.0,2020,2842668.0
"Bangor, ME",152187.0,2020,152169.0
"Barnstable Town, MA",228995.0,2020,228012.0
"Baton Rouge, LA",870580.0,2020,870286.0
"Battle Creek, MI",134297.0,2020,134200.0
"Bay City, MI",103855.0,2020,103742.0
"Beaumont-Port Arthur, TX",397566.0,2020,397237.0
"Beckley, WV",115066.0,2020,114822.0
"Bellingham, WA",226852.0,2020,227449.0
"Bend, OR",247497.0,2020,248974.0
"Billings, MT",184166.0,2020,184726.0
"Binghamton, NY",247135.0,2020,246504.0
"Birmingham, AL",1180632.0,2020,1181776.0
"Bismarck, ND",133627.0,2020,133785.0
"Blacksburg-Christiansburg-Radford, VA",181854.0,2020,181756.0
"Bloomington, IL",170956.0,2020,170949.0
"Bloomington, IN",161038.0,2020,160903.0
"Boise City, ID",764714.0,2020,770223.0
"Boston-Cambridge-Newton, MA-NH",4944611.0,2020,4933650.0
"Boulder, CO",330759.0,2020,330938.0
"Bowling Green, KY",179639.0,2020,180070.0
"Bozeman, MT",118958.0,2020,119597.0
"Bremerton-Silverdale-Port Orchard, WA",275612.0,2020,275823.0
"Bridgeport-Stamford-Danbury, CT",946293.0,2020,942755.0
"Brownsville-Harlingen, TX",421020.0,2020,421480.0
"Brunswick-St. Simons, GA",113494.0,2020,113511.0
"Buffalo-Cheektowaga, NY",1166897.0,2020,1164468.0
"Burlington, NC",171426.0,2020,171960.0
"Burlington-South Burlington, VT",225563.0,2020,225717.0
"Canton-Massillon, OH",401580.0,2020,401224.0
"Cape Coral-Fort Myers, FL",760814.0,2020,765547.0
"Cape Girardeau, MO-IL",97523.0,2020,97552.0
"Carson City, NV",58646.0,2020,58686.0
"Casper, WY",79966.0,2020,80299.0
"Cedar Rapids, IA",276524.0,2020,276621.0
"Chambersburg, PA",155945.0,2020,155949.0
"Champaign-Urbana, IL",236075.0,2020,235848.0
"Charleston, WV",210605.0,2020,209982.0
"Charleston-North Charleston, SC",799636.0,2020,803475.0
"Charlotte-Concord-Gastonia, NC-SC",2660348.0,2020,2669651.0
"Charlottesville, VA",221526.0,2020,221620.0
"Chattanooga, TN-GA",562648.0,2020,563952.0
"Cheyenne, WY",100512.0,2020,100730.0
"Chicago-Naperville-Elgin, IL-IN",9450304.0,2020,9435217.0
"Chico, CA",211630.0,2020,210151.0
"Cincinnati, OH-KY-IN",2249781.0,2020,2251974.0
"Clarksville, TN-KY",320518.0,2020,321827.0
"Cleveland, OH",2185727.0,2020,2184115.0
"Cleveland, TN",126164.0,2020,126394.0
"Coeur d'Alene, ID",171363.0,2020,172785.0
"College Station-Bryan, TX",268244.0,2020,268953.0
"Colorado Springs, CO",755112.0,2020,757128.0
"Columbia, MO",210862.0,2020,210850.0
"Columbia, SC",829466.0,2020,830137.0
"Columbus, GA-AL",328887.0,2020,329196.0
"Columbus, IN",82211.0,2020,82218.0
"Columbus, OH",2138941.0,2020,2141895.0
"Corpus Christi, TX",445758.0,2020,446171.0
"Corvallis, OR",95183.0,2020,95214.0
"Crestview-Fort Walton Beach-Destin, FL",286973.0,2020,288026.0
"Dallas-Fort Worth-Arlington, TX",7637398.0,2020,7666418.0
"Dalton, GA",142843.0,2020,142796.0
"Daphne-Fairhope-Foley, AL",231768.0,2020,233227.0
"Davenport-Moline-Rock Island, IA-IL",384318.0,2020,383768.0
"Dayton-Kettering-Beavercreek, OH",814050.0,2020,814209.0
"Decatur, AL",156498.0,2020,156377.0
"Decatur, IL",103984.0,2020,103752.0
"Deltona-Daytona Beach-Ormond Beach, FL",668909.0,2020,671804.0
"Denver-Aurora-Centennial, CO",2963814.0,2020,2970119.0
"Des Moines-West Des Moines, IA",709512.0,2020,711200.0
"Detroit-Warren-Dearborn, MI",4392390.0,2020,4385248.0
"Dothan, AL",151001.0,2020,151151.0
"Dover, DE",181858.0,2020,182315.0
"Dubuque, IA",99275.0,2020,99308.0
"Duluth, MN-WI",280719.0,2020,280619.0
"Durham-Chapel Hill, NC",588911.0,2020,585020.0
"Eagle Pass, TX",57884.0,2020,57875.0
"Eau Claire, WI",172013.0,2020,172238.0
"El Centro, CA",179713.0,2020,179612.0
"Elizabethtown, KY",125557.0,2020,125702.0
"Elkhart-Goshen, IN",207046.0,2020,206991.0
"Elmira, NY",84142.0,2020,83668.0
"El Paso, TX",868862.0,2020,869802.0
"Enid, OK",62839.0,2020,62691.0
"Erie, PA",270892.0,2020,270578.0
"Eugene-Springfield, OR",382983.0,2020,383308.0
"Evansville, IN",269238.0,2020,269517.0
"Fairbanks-College, AK",95660.0,2020,95337.0
"Fargo, ND-MN",249833.0,2020,250220.0
"Farmington, NM",121666.0,2020,121376.0
"Fayetteville, NC",386807.0,2020,387706.0
"Fayetteville-Springdale-Rogers, AR",546725.0,2020,549937.0
"Flagstaff, AZ",145104.0,2020,145192.0
"Flint, MI",406217.0,2020,405777.0
"Florence, SC",199965.0,2020,199665.0
"Florence-Muscle Shoals, AL",150794.0,2020,151329.0
"Fond du Lac, WI",104160.0,2020,104169.0
"Fort Collins-Loveland, CO",359074.0,2020,359923.0
"Fort Smith, AR-OK",227205.0,2020,227207.0
"Fort Wayne, IN",447744.0,2020,448587.0
"Fresno, CA",1164904.0,2020,1165897.0
"Gadsden, AL",103434.0,2020,103453.0
"Gainesville, FL",339241.0,2020,340678.0
"Gainesville, GA",202889.0,2020,203473.0
"Gettysburg, PA",103838.0,2020,103798.0
"Glens Falls, NY",127034.0,2020,126700.0
"Goldsboro, NC",117321.0,2020,117221.0
"Grand Forks, ND-MN",104366.0,2020,104217.0
"Grand Island, NE",77028.0,2020,76908.0
"Grand Junction, CO",155706.0,2020,156011.0
"Grand Rapids-Wyoming-Kentwood, MI",1149996.0,2020,1151502.0
"Grants Pass, OR",88088.0,2020,88238.0
"Great Falls, MT",84409.0,2020,84407.0
"Greeley, CO",328987.0,2020,331458.0
"Green Bay, WI",328273.0,2020,328591.0
"Greensboro-High Point, NC",776548.0,2020,774941.0
"Greenville, NC",170242.0,2020,170390.0
"Greenville-Anderson-Greer, SC",928212.0,2020,930762.0
"Gulfport-Biloxi, MS",416249.0,2020,416640.0
"Hagerstown-Martinsburg, MD-WV",293845.0,2020,294483.0
"Hammond, LA",133162.0,2020,133654.0
"Hanford-Corcoran, CA",152486.0,2020,152844.0
"Harrisburg-Carlisle, PA",591711.0,2020,592793.0
"Harrisonburg, VA",135573.0,2020,135480.0
"Hartford-West Hartford-East Hartford, CT",1150500.0,2020,1135704.0
"Hattiesburg, MS",153889.0,2020,154032.0
"Helena, MT",89827.0,2020,90179.0
"Hickory-Lenoir-Morganton, NC",365270.0,2020,365594.0
"Hilton Head Island-Bluffton-Port Royal, SC",215916.0,2020,216965.0
"Hinesville, GA",81429.0,2020,81587.0
"Homosassa Springs, FL",153849.0,2020,154568.0
"Hot Springs, AR",100173.0,2020,100258.0
"Houma-Bayou Cane-Thibodaux, LA",207142.0,2020,206859.0
"Houston-Pasadena-The Woodlands, TX",7149604.0,2020,7168723.0
"Huntington-Ashland, WV-KY-OH",376141.0,2020,375689.0
"Huntsville, AL",491719.0,2020,494706.0
"Idaho Falls, ID",157430.0,2020,158401.0
"Indianapolis-Carmel-Greenwood, IN",2089636.0,2020,2092745.0
"Iowa City, IA",175428.0,2020,175598.0
"Ithaca, NY",105737.0,2020,99772.0
"Jackson, MI",160370.0,2020,160231.0
"Jackson, MS",619989.0,2020,618896.0
"Jackson, TN",180500.0,2020,180559.0
"Jacksonville, FL",1605844.0,2020,1612981.0
"Jacksonville, NC",204576.0,2020,207757.0
"Janesville-Beloit, WI",163690.0,2020,163758.0
"Jefferson City, MO",150316.0,2020,149432.0
"Johnson City, TN",207276.0,2020,207476.0
"Johnstown, PA",133478.0,2020,133211.0
"Jonesboro, AR",134207.0,2020,134573.0
"Joplin, MO-KS",200784.0,2020,200908.0
"Kahului-Wailuku, HI",164836.0,2020,164848.0
"Kalamazoo-Portage, MI",261677.0,2020,261796.0
"Kankakee, IL",107510.0,2020,107264.0
"Kansas City, MO-KS",2192065.0,2020,2195218.0
"Kennewick-Richland, WA",303616.0,2020,304569.0
"Kenosha, WI",169150.0,2020,169195.0
"Killeen-Temple, TX",475371.0,2020,477093.0
"Kingsport-Bristol, TN-VA",307610.0,2020,307750.0
"Kingston, NY",181841.0,2020,181271.0
"Kiryas Joel-Poughkeepsie-Newburgh, NY",698336.0,2020,696887.0
"Knoxville, TN",903322.0,2020,905896.0
"Kokomo, IN",83664.0,2020,83589.0
"La Crosse-Onalaska, WI-MN",170336.0,2020,170466.0
"Lafayette, LA",408082.0,2020,408213.0
"Lafayette-West Lafayette, IN",223714.0,2020,223864.0
"Lake Charles, LA",254651.0,2020,254314.0
"Lake Havasu City-Kingman, AZ",213276.0,2020,214185.0
"Lakeland-Winter Haven, FL",725048.0,2020,730158.0
"Lancaster, PA",552989.0,2020,552821.0
"Lansing-East Lansing, MI",473202.0,2020,473020.0
"Laredo, TX",267113.0,2020,267363.0
"Las Cruces, NM",219569.0,2020,220060.0
"Las Vegas-Henderson-North Las Vegas, NV",2265475.0,2020,2274887.0
"Lawrence, KS",118779.0,2020,118784.0
"Lawton, OK",126651.0,2020,126660.0
"Lebanon, PA",143253.0,2020,143278.0
"Lewiston, ID-WA",64377.0,2020,64469.0
"Lewiston-Auburn, ME",111132.0,2020,111175.0
"Lexington-Fayette, KY",516820.0,2020,517407.0
"Lexington Park, MD",206566.0,2020,206914.0
"Lima, OH",102211.0,2020,102125.0
"Lincoln, NE",340221.0,2020,340783.0
"Little Rock-North Little Rock-Conway, AR",748038.0,2020,748990.0
"Logan, UT-ID",147352.0,2020,147913.0
"Longview, TX",286179.0,2020,286350.0
"Longview-Kelso, WA",110728.0,2020,111014.0
"Los Angeles-Long Beach-Anaheim, CA",13200973.0,2020,13178547.0
"Louisville/Jefferson County, KY-IN",1362145.0,2020,1362955.0
"Lubbock, TX",351261.0,2020,352167.0
"Lynchburg, VA",261597.0,2020,261643.0
"Macon-Bibb County, GA",233808.0,2020,233610.0
"Madison, WI",680805.0,2020,681902.0
"Manchester-Nashua, NH",422938.0,2020,422913.0
"Manhattan, KS",134042.0,2020,134187.0
"Mankato, MN",103563.0,2020,103698.0
"Mansfield, OH",124927.0,2020,124966.0
"McAllen-Edinburg-Mission, TX",870787.0,2020,872856.0
"Medford, OR",223255.0,2020,223620.0
"Memphis, TN-MS-AR",1345436.0,2020,1346172.0
"Merced, CA",281205.0,2020,281830.0
"Miami-Fort Lauderdale-West Palm Beach, FL",6138356.0,2020,6133365.0
"Michigan City-La Porte, IN",112404.0,2020,112270.0
"Midland, MI",83487.0,2020,83478.0
"Midland, TX",175224.0,2020,175614.0
"Milwaukee-Waukesha, WI",1574713.0,2020,1574476.0
"Minneapolis-St. Paul-Bloomington, MN-WI",3690271.0,2020,3694114.0
"Minot, ND",77561.0,2020,77527.0
"Missoula, MT",122458.0,2020,122915.0
"Mobile, AL",414809.0,2020,414377.0
"Modesto, CA",552882.0,2020,553257.0
"Monroe, LA",227154.0,2020,226694.0
"Monroe, MI",154802.0,2020,154896.0
"Montgomery, AL",386062.0,2020,385403.0
"Morgantown, WV",140034.0,2020,140100.0
"Morristown, TN",119182.0,2020,119458.0
"Mount Vernon-Anacortes, WA",129524.0,2020,129902.0
"Muncie, IN",111909.0,2020,111762.0
"Muskegon-Norton Shores, MI",174736.0,2020,174784.0
"Myrtle Beach-Conway-North Myrtle Beach, SC",351032.0,2020,353765.0
"Napa, CA",138013.0,2020,137459.0
"Naples-Marco Island, FL",375760.0,2020,377310.0
"Nashville-Davidson--Murfreesboro--Franklin, TN",2014420.0,2020,2021744.0
"New Haven, CT",570455.0,2020,564076.0
"New Orleans-Metairie, LA",1007286.0,2020,1005281.0
"New York-Newark-Jersey City, NY-NJ",20081990.0,2020,19990547.0
"Niles, MI",154318.0,2020,154197.0
"North Port-Bradenton-Sarasota, FL",833724.0,2020,837856.0
"Norwich-New London-Willimantic, CT",280428.0,2020,278342.0
"Ocala, FL",375904.0,2020,377472.0
"Odessa, TX",165170.0,2020,165490.0
"Ogden, UT",637207.0,2020,639141.0
"Oklahoma City, OK",1425703.0,2020,1429940.0
"Olympia-Lacey-Tumwater, WA",294792.0,2020,295998.0
"Omaha, NE-IA",967606.0,2020,969146.0
"Orlando-Kissimmee-Sanford, FL",2673391.0,2020,2680491.0
"Oshkosh-Neenah, WI",171735.0,2020,171815.0
"Owensboro, KY",112477.0,2020,112541.0
"Oxnard-Thousand Oaks-Ventura, CA",843840.0,2020,843371.0
"Paducah, KY-IL",103480.0,2020,103441.0
"Palm Bay-Melbourne-Titusville, FL",606621.0,2020,608775.0
"Panama City-Panama City Beach, FL",200531.0,2020,199845.0
"Parkersburg-Vienna, WV",89489.0,2020,89330.0
"Pensacola-Ferry Pass-Brent, FL",509899.0,2020,511579.0
"Peoria, IL",368789.0,2020,367917.0
"Philadelphia-Camden-Wilmington, PA-NJ-DE-MD",6245020.0,2020,6241967.0
"Phoenix-Mesa-Chandler, AZ",4851102.0,2020,4875246.0
"Pinehurst-Southern Pines, NC",99745.0,2020,100296.0
"Pittsburgh, PA",2457036.0,2020,2455323.0
"Pittsfield, MA",129039.0,2020,128619.0
"Pocatello, ID",87019.0,2020,87276.0
"Portland-South Portland, ME",551737.0,2020,552577.0
"Portland-Vancouver-Hillsboro, OR-WA",2512843.0,2020,2518160.0
"Port St. Lucie, FL",487660.0,2020,490112.0
"Prescott Valley-Prescott, AZ",236210.0,2020,237217.0
"Providence-Warwick, RI-MA",1676579.0,2020,1673216.0
"Provo-Orem-Lehi, UT",671172.0,2020,675414.0
"Pueblo, CO",168165.0,2020,168337.0
"Punta Gorda, FL",186825.0,2020,187995.0
"Racine-Mount Pleasant, WI",197735.0,2020,197568.0
"Raleigh-Cary, NC",1413967.0,2020,1417455.0
"Rapid City, SD",147393.0,2020,147800.0
"Reading, PA",428851.0,2020,428671.0
"Redding, CA",182158.0,2020,182002.0
"Reno, NV",549829.0,2020,551283.0
"Richmond, VA",1314424.0,2020,1316646.0
"Riverside-San Bernardino-Ontario, CA",4599842.0,2020,4606384.0
"Roanoke, VA",315246.0,2020,315217.0
"Rochester, MN",226337.0,2020,226576.0
"Rochester, NY",1065398.0,2020,1062841.0
"Rockford, IL",338788.0,2020,338259.0
"Rocky Mount, NC",143865.0,2020,143932.0
"Rome, GA",98582.0,2020,98583.0
"Sacramento-Roseville-Folsom, CA",2397388.0,2020,2400029.0
"Saginaw, MI",190129.0,2020,189882.0
"St. Cloud, MN",199672.0,2020,199835.0
"St. George, UT",180275.0,2020,182015.0
"St. Joseph, MO-KS",121471.0,2020,121643.0
"St. Louis, MO-IL",2820285.0,2020,2819212.0
"Salem, OR",433341.0,2020,434306.0
"Salinas, CA",439035.0,2020,438322.0
"Salisbury, MD",128203.0,2020,128126.0
"Salt Lake City-Murray, UT",1257939.0,2020,1260338.0
"San Angelo, TX",121519.0,2020,121705.0
"San Antonio-New Braunfels, TX",2558115.0,2020,2568526.0
"San Diego-Chula Vista-Carlsbad, CA",3298648.0,2020,3295298.0
"Sandusky, OH",115981.0,2020,115777.0
"San Francisco-Oakland-Fremont, CA",4748982.0,2020,4740838.0
"San Jose-Sunnyvale-Santa Clara, CA",2000489.0,2020,1995698.0
"San Luis Obispo-Paso Robles, CA",282443.0,2020,281884.0
"Santa Cruz-Watsonville, CA",270870.0,2020,270474.0
"Santa Fe, NM",154821.0,2020,155043.0
"Santa Maria-Santa Barbara, CA",448220.0,2020,448424.0
"Santa Rosa-Petaluma, CA",488850.0,2020,488282.0
"Savannah, GA",404803.0,2020,405301.0
"Scranton--Wilkes-Barre, PA",567603.0,2020,566788.0
"Seattle-Tacoma-Bellevue, WA",4018797.0,2020,4027804.0
"Sebastian-Vero Beach-West Vero Corridor, FL",159791.0,2020,160446.0
"Sebring, FL",101239.0,2020,101349.0
"Sheboygan, WI",118032.0,2020,118053.0
"Sherman-Denison, TX",135543.0,2020,136099.0
"Shreveport-Bossier City, LA",393409.0,2020,392511.0
"Sierra Vista-Douglas, AZ",125445.0,2020,125527.0
"Sioux City, IA-NE-SD",144344.0,2020,144326.0
"Sioux Falls, SD-MN",286400.0,2020,287364.0
"Slidell-Mandeville-Covington, LA",264571.0,2020,265000.0
"South Bend-Mishawaka, IN-MI",324513.0,2020,324241.0
"Spartanburg, SC",355232.0,2020,356560.0
"Spokane-Spokane Valley, WA",585790.0,2020,587766.0
"Springfield, IL",208636.0,2020,208414.0
"Springfield, MA",465839.0,2020,464311.0
"Springfield, MO",475433.0,2020,476371.0
"Springfield, OH",135971.0,2020,135887.0
"State College, PA",158163.0,2020,157979.0
"Staunton-Stuarts Draft, VA",125434.0,2020,125665.0
"Stockton-Lodi, CA",779230.0,2020,780617.0
"Sumter, SC",105548.0,2020,105476.0
"Syracuse, NY",662068.0,2020,659556.0
"Tallahassee, FL",384301.0,2020,385658.0
"Tampa-St. Petersburg-Clearwater, FL",3175291.0,2020,3187828.0
"Terre Haute, IN",168874.0,2020,168778.0
"Texarkana, TX-AR",147524.0,2020,147485.0
"Toledo, OH",606241.0,2020,605761.0
"Topeka, KS",233139.0,2020,232903.0
"Traverse City, MI",153456.0,2020,153654.0
"Trenton-Princeton, NJ",387328.0,2020,386466.0
"Tucson, AZ",1043435.0,2020,1045175.0
"Tulsa, OK",1015338.0,2020,1017350.0
"Tuscaloosa, AL",268686.0,2020,272988.0
"Twin Falls, ID",114291.0,2020,114642.0
"Tyler, TX",233484.0,2020,234199.0
"Urban Honolulu, HI",1016507.0,2020,1012399.0
"Utica-Rome, NY",292257.0,2020,291119.0
"Valdosta, GA",148135.0,2020,148338.0
"Vallejo, CA",453491.0,2020,452723.0
"Victoria, TX",98338.0,2020,98331.0
"Vineland, NJ",154160.0,2020,153719.0
"Virginia Beach-Chesapeake-Norfolk, VA-NC",1780062.0,2020,1781712.0
"Visalia, CA",473116.0,2020,473914.0
"Waco, TX",295788.0,2020,296405.0
"Walla Walla, WA",62585.0,2020,62623.0
"Warner Robins, GA",191628.0,2020,192392.0
"Washington-Arlington-Alexandria, DC-VA-MD-WV",6278594.0,2020,6260311.0
"Waterbury-Shelton, CT",450435.0,2020,449285.0
"Waterloo-Cedar Falls, IA",168459.0,2020,168388.0
"Watertown-Fort Drum, NY",116711.0,2020,116069.0
"Wausau, WI",138026.0,2020,138078.0
"Weirton-Steubenville, WV-OH",116892.0,2020,116692.0
"Wenatchee-East Wenatchee, WA",122014.0,2020,122267.0
"Wheeling, WV-OH",139520.0,2020,139127.0
"Wichita, KS",647607.0,2020,648526.0
"Wichita Falls, TX",148136.0,2020,148433.0
"Wildwood-The Villages, FL",129745.0,2020,130290.0
"Williamsport, PA",114189.0,2020,114125.0
"Wilmington, NC",422601.0,2020,425133.0
"Winchester, VA-WV",142636.0,2020,142984.0
"Winston-Salem, NC",675986.0,2020,677134.0
"Worcester, MA",862116.0,2020,859669.0
"Yakima, WA",256738.0,2020,256733.0
"York-Hanover, PA",456441.0,2020,456720.0
"Youngstown-Warren, OH",430676.0,2020,429690.0
"Yuba City, CA",181214.0,2020,181437.0
"Yuma, AZ",205002.0,2020,205659.0
Puerto Rico,3285874.0,2020,3281557.0
"Aguadilla, PR",253768.0,2020,253636.0
"Arecibo, PR",182705.0,2020,182521.0
"Guayama, PR",68442.0,2020,68228.0
"Mayagüez, PR",213831.0,2020,213386.0
"Ponce, PR",278477.0,2020,277825.0
"San Juan-Bayamón-Caguas, PR",2081265.0,2020,2078951.0
"Vintage 2023 data products are associated with Data Management System projects P-6000042, P-7501659, and P-7527355. The U.S. Census Bureau reviewed these data products for unauthorized disclosure of confidential information and approved the disclosure avoidance practices applied to this release (CBDRB-FY24-0085).",2081265.0,2020,2078951.0
"Note: The estimates are developed from a base that integrates the 2020 Census, Vintage 2020 estimates, and (for the U.S. only) 2020 Demographic Analysis estimates. For population estimates methodology statements, see https://www.census.gov/programs-surveys/popest/technical-documentation/methodology.html. The Office of Management and Budget’s statistical area delineations for metropolitan, micropolitan, and combined statistical areas, as well as metropolitan divisions, are those issued by that agency in July 2023. All other geographic boundaries for the 2023 population estimates series are as of January 1, 2023.",2081265.0,2020,2078951.0
"Abilene, TX",176562.0,2021,177831.0
"Akron, OH",702225.0,2021,696512.0
"Albany, GA",148915.0,2021,144933.0
"Albany, OR",128611.0,2021,130120.0
"Albany-Schenectady-Troy, NY",899247.0,2021,904824.0
"Albuquerque, NM",916545.0,2021,919392.0
"Alexandria, LA",152184.0,2021,150882.0
"Allentown-Bethlehem-Easton, PA-NJ",861910.0,2021,870135.0
"Altoona, PA",122827.0,2021,122150.0
"Amarillo, TX",268683.0,2021,269804.0
"Ames, IA",125242.0,2021,126440.0
"Amherst Town-Northampton, MA",162316.0,2021,163128.0
"Anchorage, AK",398312.0,2021,400167.0
"Ann Arbor, MI",372258.0,2021,365013.0
"Anniston-Oxford, AL",116441.0,2021,115678.0
"Appleton, WI",243153.0,2021,243903.0
"Asheville, NC",406933.0,2021,410828.0
"Athens-Clarke County, GA",215422.0,2021,218314.0
"Atlanta-Sandy Springs-Roswell, GA",6106847.0,2021,6159696.0
"Atlantic City-Hammonton, NJ",369798.0,2021,370662.0
"Auburn-Opelika, AL",193774.0,2021,196501.0
"Augusta-Richmond County, GA-SC",610978.0,2021,616187.0
"Austin-Round Rock-San Marcos, TX",2283379.0,2021,2358634.0
"Bakersfield-Delano, CA",909229.0,2021,912709.0
"Baltimore-Columbia-Towson, MD",2844523.0,2021,2843219.0
"Bangor, ME",152187.0,2021,153359.0
"Barnstable Town, MA",228995.0,2021,232315.0
"Baton Rouge, LA",870580.0,2021,872646.0
"Battle Creek, MI",134297.0,2021,133878.0
"Bay City, MI",103855.0,2021,103108.0
"Beaumont-Port Arthur, TX",397566.0,2021,395526.0
"Beckley, WV",115066.0,2021,113815.0
"Bellingham, WA",226852.0,2021,226701.0
"Bend, OR",247497.0,2021,256150.0
"Billings, MT",184166.0,2021,187351.0
"Binghamton, NY",247135.0,2021,246642.0
"Birmingham, AL",1180632.0,2021,1181650.0
"Bismarck, ND",133627.0,2021,134406.0
"Blacksburg-Christiansburg-Radford, VA",181854.0,2021,181213.0
"Bloomington, IL",170956.0,2021,171109.0
"Bloomington, IN",161038.0,2021,161690.0
"Boise City, ID",764714.0,2021,797026.0
"Boston-Cambridge-Newton, MA-NH",4944611.0,2021,4906460.0
"Boulder, CO",330759.0,2021,327084.0
"Bowling Green, KY",179639.0,2021,182603.0
"Bozeman, MT",118958.0,2021,123098.0
"Bremerton-Silverdale-Port Orchard, WA",275612.0,2021,276589.0
"Bridgeport-Stamford-Danbury, CT",946293.0,2021,950010.0
"Brownsville-Harlingen, TX",421020.0,2021,422636.0
"Brunswick-St. Simons, GA",113494.0,2021,113959.0
"Buffalo-Cheektowaga, NY",1166897.0,2021,1164631.0
"Burlington, NC",171426.0,2021,173968.0
"Burlington-South Burlington, VT",225563.0,2021,227196.0
"Canton-Massillon, OH",401580.0,2021,400492.0
"Cape Coral-Fort Myers, FL",760814.0,2021,790888.0
"Cape Girardeau, MO-IL",97523.0,2021,97743.0
"Carson City, NV",58646.0,2021,58764.0
"Casper, WY",79966.0,2021,79635.0
"Cedar Rapids, IA",276524.0,2021,276009.0
"Chambersburg, PA",155945.0,2021,156573.0
"Champaign-Urbana, IL",236075.0,2021,236841.0
"Charleston, WV",210605.0,2021,207331.0
"Charleston-North Charleston, SC",799636.0,2021,814823.0
"Charlotte-Concord-Gastonia, NC-SC",2660348.0,2021,2707454.0
"Charlottesville, VA",221526.0,2021,223267.0
"Chattanooga, TN-GA",562648.0,2021,567446.0
"Cheyenne, WY",100512.0,2021,100827.0
"Chicago-Naperville-Elgin, IL-IN",9450304.0,2021,9356597.0
"Chico, CA",211630.0,2021,206336.0
"Cincinnati, OH-KY-IN",2249781.0,2021,2252627.0
"Clarksville, TN-KY",320518.0,2021,328949.0
"Cleveland, OH",2185727.0,2021,2170475.0
"Cleveland, TN",126164.0,2021,127469.0
"Coeur d'Alene, ID",171363.0,2021,180058.0
"College Station-Bryan, TX",268244.0,2021,272667.0
"Colorado Springs, CO",755112.0,2021,762232.0
"Columbia, MO",210862.0,2021,212936.0
"Columbia, SC",829466.0,2021,837804.0
"Columbus, GA-AL",328887.0,2021,326478.0
"Columbus, IN",82211.0,2021,82729.0
"Columbus, OH",2138941.0,2021,2146927.0
"Corpus Christi, TX",445758.0,2021,447569.0
"Corvallis, OR",95183.0,2021,96321.0
"Crestview-Fort Walton Beach-Destin, FL",286973.0,2021,293662.0
"Dallas-Fort Worth-Arlington, TX",7637398.0,2021,7774647.0
"Dalton, GA",142843.0,2021,142687.0
"Daphne-Fairhope-Foley, AL",231768.0,2021,239439.0
"Davenport-Moline-Rock Island, IA-IL",384318.0,2021,381639.0
"Dayton-Kettering-Beavercreek, OH",814050.0,2021,813802.0
"Decatur, AL",156498.0,2021,156448.0
"Decatur, IL",103984.0,2021,102597.0
"Deltona-Daytona Beach-Ormond Beach, FL",668909.0,2021,687342.0
"Denver-Aurora-Centennial, CO",2963814.0,2021,2978016.0
"Des Moines-West Des Moines, IA",709512.0,2021,720756.0
"Detroit-Warren-Dearborn, MI",4392390.0,2021,4369283.0
"Dothan, AL",151001.0,2021,151523.0
"Dover, DE",181858.0,2021,185043.0
"Dubuque, IA",99275.0,2021,98854.0
"Duluth, MN-WI",280719.0,2021,280016.0
"Durham-Chapel Hill, NC",588911.0,2021,595831.0
"Eagle Pass, TX",57884.0,2021,57683.0
"Eau Claire, WI",172013.0,2021,172607.0
"El Centro, CA",179713.0,2021,179138.0
"Elizabethtown, KY",125557.0,2021,126905.0
"Elkhart-Goshen, IN",207046.0,2021,207054.0
"Elmira, NY",84142.0,2021,83039.0
"El Paso, TX",868862.0,2021,870774.0
"Enid, OK",62839.0,2021,61964.0
"Erie, PA",270892.0,2021,269257.0
"Eugene-Springfield, OR",382983.0,2021,384121.0
"Evansville, IN",269238.0,2021,269987.0
"Fairbanks-College, AK",95660.0,2021,95593.0
"Fargo, ND-MN",249833.0,2021,255028.0
"Farmington, NM",121666.0,2021,120996.0
"Fayetteville, NC",386807.0,2021,391067.0
"Fayetteville-Springdale-Rogers, AR",546725.0,2021,563008.0
"Flagstaff, AZ",145104.0,2021,142897.0
"Flint, MI",406217.0,2021,404627.0
"Florence, SC",199965.0,2021,199126.0
"Florence-Muscle Shoals, AL",150794.0,2021,152497.0
"Fond du Lac, WI",104160.0,2021,104116.0
"Fort Collins-Loveland, CO",359074.0,2021,362747.0
"Fort Smith, AR-OK",227205.0,2021,228266.0
"Fort Wayne, IN",447744.0,2021,451787.0
"Fresno, CA",1164904.0,2021,1172069.0
"Gadsden, AL",103434.0,2021,103010.0
"Gainesville, FL",339241.0,2021,344361.0
"Gainesville, GA",202889.0,2021,207080.0
"Gettysburg, PA",103838.0,2021,105686.0
"Glens Falls, NY",127034.0,2021,126593.0
"Goldsboro, NC",117321.0,2021,116857.0
"Grand Forks, ND-MN",104366.0,2021,103405.0
"Grand Island, NE",77028.0,2021,76263.0
"Grand Junction, CO",155706.0,2021,157439.0
"Grand Rapids-Wyoming-Kentwood, MI",1149996.0,2021,1154529.0
"Grants Pass, OR",88088.0,2021,88637.0
"Great Falls, MT",84409.0,2021,84551.0
"Greeley, CO",328987.0,2021,339897.0
"Green Bay, WI",328273.0,2021,328909.0
"Greensboro-High Point, NC",776548.0,2021,778860.0
"Greenville, NC",170242.0,2021,172235.0
"Greenville-Anderson-Greer, SC",928212.0,2021,941465.0
"Gulfport-Biloxi, MS",416249.0,2021,418527.0
"Hagerstown-Martinsburg, MD-WV",293845.0,2021,298623.0
"Hammond, LA",133162.0,2021,135488.0
"Hanford-Corcoran, CA",152486.0,2021,152775.0
"Harrisburg-Carlisle, PA",591711.0,2021,599732.0
"Harrisonburg, VA",135573.0,2021,136015.0
"Hartford-West Hartford-East Hartford, CT",1150500.0,2021,1145572.0
"Hattiesburg, MS",153889.0,2021,154778.0
"Helena, MT",89827.0,2021,92298.0
"Hickory-Lenoir-Morganton, NC",365270.0,2021,366175.0
"Hilton Head Island-Bluffton-Port Royal, SC",215916.0,2021,222428.0
"Hinesville, GA",81429.0,2021,83908.0
"Homosassa Springs, FL",153849.0,2021,158167.0
"Hot Springs, AR",100173.0,2021,100393.0
"Houma-Bayou Cane-Thibodaux, LA",207142.0,2021,206554.0
"Houston-Pasadena-The Woodlands, TX",7149604.0,2021,7245134.0
"Huntington-Ashland, WV-KY-OH",376141.0,2021,372853.0
"Huntsville, AL",491719.0,2021,503974.0
"Idaho Falls, ID",157430.0,2021,162931.0
"Indianapolis-Carmel-Greenwood, IN",2089636.0,2021,2107531.0
"Iowa City, IA",175428.0,2021,177557.0
"Ithaca, NY",105737.0,2021,105966.0
"Jackson, MI",160370.0,2021,160162.0
"Jackson, MS",619989.0,2021,614737.0
"Jackson, TN",180500.0,2021,180480.0
"Jacksonville, FL",1605844.0,2021,1641741.0
"Jacksonville, NC",204576.0,2021,206018.0
"Janesville-Beloit, WI",163690.0,2021,164115.0
"Jefferson City, MO",150316.0,2021,149951.0
"Johnson City, TN",207276.0,2021,207171.0
"Johnstown, PA",133478.0,2021,132237.0
"Jonesboro, AR",134207.0,2021,134485.0
"Joplin, MO-KS",200784.0,2021,201950.0
"Kahului-Wailuku, HI",164836.0,2021,164878.0
"Kalamazoo-Portage, MI",261677.0,2021,260523.0
"Kankakee, IL",107510.0,2021,106605.0
"Kansas City, MO-KS",2192065.0,2021,2203335.0
"Kennewick-Richland, WA",303616.0,2021,308701.0
"Kenosha, WI",169150.0,2021,168414.0
"Killeen-Temple, TX",475371.0,2021,487012.0
"Kingsport-Bristol, TN-VA",307610.0,2021,308690.0
"Kingston, NY",181841.0,2021,183489.0
"Kiryas Joel-Poughkeepsie-Newburgh, NY",698336.0,2021,703943.0
"Knoxville, TN",903322.0,2021,916415.0
"Kokomo, IN",83664.0,2021,83650.0
"La Crosse-Onalaska, WI-MN",170336.0,2021,169067.0
"Lafayette, LA",408082.0,2021,410533.0
"Lafayette-West Lafayette, IN",223714.0,2021,225083.0
"Lake Charles, LA",254651.0,2021,242381.0
"Lake Havasu City-Kingman, AZ",213276.0,2021,217164.0
"Lakeland-Winter Haven, FL",725048.0,2021,755598.0
"Lancaster, PA",552989.0,2021,556292.0
"Lansing-East Lansing, MI",473202.0,2021,459596.0
"Laredo, TX",267113.0,2021,267400.0
"Las Cruces, NM",219569.0,2021,221732.0
"Las Vegas-Henderson-North Las Vegas, NV",2265475.0,2021,2295310.0
"Lawrence, KS",118779.0,2021,119493.0
"Lawton, OK",126651.0,2021,127766.0
"Lebanon, PA",143253.0,2021,143759.0
"Lewiston, ID-WA",64377.0,2021,64969.0
"Lewiston-Auburn, ME",111132.0,2021,112732.0
"Lexington-Fayette, KY",516820.0,2021,516639.0
"Lexington Park, MD",206566.0,2021,208883.0
"Lima, OH",102211.0,2021,101784.0
"Lincoln, NE",340221.0,2021,340960.0
"Little Rock-North Little Rock-Conway, AR",748038.0,2021,751986.0
"Logan, UT-ID",147352.0,2021,152128.0
"Longview, TX",286179.0,2021,288187.0
"Longview-Kelso, WA",110728.0,2021,111685.0
"Los Angeles-Long Beach-Anaheim, CA",13200973.0,2021,12970073.0
"Louisville/Jefferson County, KY-IN",1362145.0,2021,1361424.0
"Lubbock, TX",351261.0,2021,355386.0
"Lynchburg, VA",261597.0,2021,262483.0
"Macon-Bibb County, GA",233808.0,2021,233159.0
"Madison, WI",680805.0,2021,680860.0
"Manchester-Nashua, NH",422938.0,2021,424413.0
"Manhattan, KS",134042.0,2021,133860.0
"Mankato, MN",103563.0,2021,103728.0
"Mansfield, OH",124927.0,2021,125341.0
"McAllen-Edinburg-Mission, TX",870787.0,2021,879865.0
"Medford, OR",223255.0,2021,224353.0
"Memphis, TN-MS-AR",1345436.0,2021,1342637.0
"Merced, CA",281205.0,2021,284610.0
"Miami-Fort Lauderdale-West Palm Beach, FL",6138356.0,2021,6108758.0
"Michigan City-La Porte, IN",112404.0,2021,112513.0
"Midland, MI",83487.0,2021,83479.0
"Midland, TX",175224.0,2021,173471.0
"Milwaukee-Waukesha, WI",1574713.0,2021,1563237.0
"Minneapolis-St. Paul-Bloomington, MN-WI",3690271.0,2021,3696290.0
"Minot, ND",77561.0,2021,76867.0
"Missoula, MT",122458.0,2021,124700.0
"Mobile, AL",414809.0,2021,413383.0
"Modesto, CA",552882.0,2021,552723.0
"Monroe, LA",227154.0,2021,224744.0
"Monroe, MI",154802.0,2021,155534.0
"Montgomery, AL",386062.0,2021,384872.0
"Morgantown, WV",140034.0,2021,140825.0
"Morristown, TN",119182.0,2021,119907.0
"Mount Vernon-Anacortes, WA",129524.0,2021,131005.0
"Muncie, IN",111909.0,2021,112057.0
"Muskegon-Norton Shores, MI",174736.0,2021,175550.0
"Myrtle Beach-Conway-North Myrtle Beach, SC",351032.0,2021,366093.0
"Napa, CA",138013.0,2021,136265.0
"Naples-Marco Island, FL",375760.0,2021,387226.0
"Nashville-Davidson--Murfreesboro--Franklin, TN",2014420.0,2021,2033369.0
"New Haven, CT",570455.0,2021,568450.0
"New Orleans-Metairie, LA",1007286.0,2021,993487.0
"New York-Newark-Jersey City, NY-NJ",20081990.0,2021,19721192.0
"Niles, MI",154318.0,2021,153352.0
"North Port-Bradenton-Sarasota, FL",833724.0,2021,862352.0
"Norwich-New London-Willimantic, CT",280428.0,2021,278820.0
"Ocala, FL",375904.0,2021,385135.0
"Odessa, TX",165170.0,2021,160758.0
"Ogden, UT",637207.0,2021,646735.0
"Oklahoma City, OK",1425703.0,2021,1443830.0
"Olympia-Lacey-Tumwater, WA",294792.0,2021,298196.0
"Omaha, NE-IA",967606.0,2021,972748.0
"Orlando-Kissimmee-Sanford, FL",2673391.0,2021,2698960.0
"Oshkosh-Neenah, WI",171735.0,2021,170580.0
"Owensboro, KY",112477.0,2021,112211.0
"Oxnard-Thousand Oaks-Ventura, CA",843840.0,2021,839471.0
"Paducah, KY-IL",103480.0,2021,102920.0
"Palm Bay-Melbourne-Titusville, FL",606621.0,2021,617900.0
"Panama City-Panama City Beach, FL",200531.0,2021,204387.0
"Parkersburg-Vienna, WV",89489.0,2021,88870.0
"Pensacola-Ferry Pass-Brent, FL",509899.0,2021,517209.0
"Peoria, IL",368789.0,2021,365222.0
"Philadelphia-Camden-Wilmington, PA-NJ-DE-MD",6245020.0,2021,6253394.0
"Phoenix-Mesa-Chandler, AZ",4851102.0,2021,4948431.0
"Pinehurst-Southern Pines, NC",99745.0,2021,103044.0
"Pittsburgh, PA",2457036.0,2021,2450605.0
"Pittsfield, MA",129039.0,2021,128376.0
"Pocatello, ID",87019.0,2021,88515.0
"Portland-South Portland, ME",551737.0,2021,558302.0
"Portland-Vancouver-Hillsboro, OR-WA",2512843.0,2021,2518051.0
"Port St. Lucie, FL",487660.0,2021,504443.0
"Prescott Valley-Prescott, AZ",236210.0,2021,242352.0
"Providence-Warwick, RI-MA",1676579.0,2021,1676848.0
"Provo-Orem-Lehi, UT",671172.0,2021,698178.0
"Pueblo, CO",168165.0,2021,169316.0
"Punta Gorda, FL",186825.0,2021,194934.0
"Racine-Mount Pleasant, WI",197735.0,2021,196505.0
"Raleigh-Cary, NC",1413967.0,2021,1451435.0
"Rapid City, SD",147393.0,2021,150814.0
"Reading, PA",428851.0,2021,429635.0
"Redding, CA",182158.0,2021,182135.0
"Reno, NV",549829.0,2021,559403.0
"Richmond, VA",1314424.0,2021,1326307.0
"Riverside-San Bernardino-Ontario, CA",4599842.0,2021,4646486.0
"Roanoke, VA",315246.0,2021,314688.0
"Rochester, MN",226337.0,2021,227540.0
"Rochester, NY",1065398.0,2021,1060829.0
"Rockford, IL",338788.0,2021,336506.0
"Rocky Mount, NC",143865.0,2021,143537.0
"Rome, GA",98582.0,2021,98487.0
"Sacramento-Roseville-Folsom, CA",2397388.0,2021,2408702.0
"Saginaw, MI",190129.0,2021,189516.0
"St. Cloud, MN",199672.0,2021,200737.0
"St. George, UT",180275.0,2021,191513.0
"St. Joseph, MO-KS",121471.0,2021,120784.0
"St. Louis, MO-IL",2820285.0,2021,2812587.0
"Salem, OR",433341.0,2021,437224.0
"Salinas, CA",439035.0,2021,437158.0
"Salisbury, MD",128203.0,2021,128660.0
"Salt Lake City-Murray, UT",1257939.0,2021,1263087.0
"San Angelo, TX",121519.0,2021,120765.0
"San Antonio-New Braunfels, TX",2558115.0,2021,2605100.0
"San Diego-Chula Vista-Carlsbad, CA",3298648.0,2021,3274432.0
"Sandusky, OH",115981.0,2021,115052.0
"San Francisco-Oakland-Fremont, CA",4748982.0,2021,4618350.0
"San Jose-Sunnyvale-Santa Clara, CA",2000489.0,2021,1951882.0
"San Luis Obispo-Paso Robles, CA",282443.0,2021,279464.0
"Santa Cruz-Watsonville, CA",270870.0,2021,260475.0
"Santa Fe, NM",154821.0,2021,155400.0
"Santa Maria-Santa Barbara, CA",448220.0,2021,437521.0
"Santa Rosa-Petaluma, CA",488850.0,2021,484519.0
"Savannah, GA",404803.0,2021,409428.0
"Scranton--Wilkes-Barre, PA",567603.0,2021,568091.0
"Seattle-Tacoma-Bellevue, WA",4018797.0,2021,4016479.0
"Sebastian-Vero Beach-West Vero Corridor, FL",159791.0,2021,163869.0
"Sebring, FL",101239.0,2021,103279.0
"Sheboygan, WI",118032.0,2021,117687.0
"Sherman-Denison, TX",135543.0,2021,139563.0
"Shreveport-Bossier City, LA",393409.0,2021,388930.0
"Sierra Vista-Douglas, AZ",125445.0,2021,126119.0
"Sioux City, IA-NE-SD",144344.0,2021,143907.0
"Sioux Falls, SD-MN",286400.0,2021,291978.0
"Slidell-Mandeville-Covington, LA",264571.0,2021,270147.0
"South Bend-Mishawaka, IN-MI",324513.0,2021,323813.0
"Spartanburg, SC",355232.0,2021,362407.0
"Spokane-Spokane Valley, WA",585790.0,2021,593129.0
"Springfield, IL",208636.0,2021,207538.0
"Springfield, MA",465839.0,2021,462862.0
"Springfield, MO",475433.0,2021,481693.0
"Springfield, OH",135971.0,2021,135608.0
"State College, PA",158163.0,2021,157984.0
"Staunton-Stuarts Draft, VA",125434.0,2021,126059.0
"Stockton-Lodi, CA",779230.0,2021,788354.0
"Sumter, SC",105548.0,2021,104854.0
"Syracuse, NY",662068.0,2021,657253.0
"Tallahassee, FL",384301.0,2021,388370.0
"Tampa-St. Petersburg-Clearwater, FL",3175291.0,2021,3230074.0
"Terre Haute, IN",168874.0,2021,168722.0
"Texarkana, TX-AR",147524.0,2021,146749.0
"Toledo, OH",606241.0,2021,602291.0
"Topeka, KS",233139.0,2021,232817.0
"Traverse City, MI",153456.0,2021,154827.0
"Trenton-Princeton, NJ",387328.0,2021,382172.0
"Tucson, AZ",1043435.0,2021,1048914.0
"Tulsa, OK",1015338.0,2021,1025813.0
"Tuscaloosa, AL",268686.0,2021,276628.0
"Twin Falls, ID",114291.0,2021,117132.0
"Tyler, TX",233484.0,2021,237182.0
"Urban Honolulu, HI",1016507.0,2021,1004163.0
"Utica-Rome, NY",292257.0,2021,289643.0
"Valdosta, GA",148135.0,2021,148941.0
"Vallejo, CA",453491.0,2021,450653.0
"Victoria, TX",98338.0,2021,98029.0
"Vineland, NJ",154160.0,2021,152083.0
"Virginia Beach-Chesapeake-Norfolk, VA-NC",1780062.0,2021,1785531.0
"Visalia, CA",473116.0,2021,477176.0
"Waco, TX",295788.0,2021,299333.0
"Walla Walla, WA",62585.0,2021,62211.0
"Warner Robins, GA",191628.0,2021,195473.0
"Washington-Arlington-Alexandria, DC-VA-MD-WV",6278594.0,2021,6258549.0
"Waterbury-Shelton, CT",450435.0,2021,452281.0
"Waterloo-Cedar Falls, IA",168459.0,2021,168052.0
"Watertown-Fort Drum, NY",116711.0,2021,116902.0
"Wausau, WI",138026.0,2021,137755.0
"Weirton-Steubenville, WV-OH",116892.0,2021,115748.0
"Wenatchee-East Wenatchee, WA",122014.0,2021,123615.0
"Wheeling, WV-OH",139520.0,2021,137909.0
"Wichita, KS",647607.0,2021,648514.0
"Wichita Falls, TX",148136.0,2021,149086.0
"Wildwood-The Villages, FL",129745.0,2021,134870.0
"Williamsport, PA",114189.0,2021,113561.0
"Wilmington, NC",422601.0,2021,437882.0
"Winchester, VA-WV",142636.0,2021,145411.0
"Winston-Salem, NC",675986.0,2021,682646.0
"Worcester, MA",862116.0,2021,862224.0
"Yakima, WA",256738.0,2021,256719.0
"York-Hanover, PA",456441.0,2021,459183.0
"Youngstown-Warren, OH",430676.0,2021,428101.0
"Yuba City, CA",181214.0,2021,182379.0
"Yuma, AZ",205002.0,2021,207284.0
Puerto Rico,3285874.0,2021,3262693.0
"Aguadilla, PR",253768.0,2021,253128.0
"Arecibo, PR",182705.0,2021,181933.0
"Guayama, PR",68442.0,2021,67033.0
"Mayagüez, PR",213831.0,2021,212003.0
"Ponce, PR",278477.0,2021,274190.0
"San Juan-Bayamón-Caguas, PR",2081265.0,2021,2069054.0
"Vintage 2023 data products are associated with Data Management System projects P-6000042, P-7501659, and P-7527355. The U.S. Census Bureau reviewed these data products for unauthorized disclosure of confidential information and approved the disclosure avoidance practices applied to this release (CBDRB-FY24-0085).",2081265.0,2021,2069054.0
"Note: The estimates are developed from a base that integrates the 2020 Census, Vintage 2020 estimates, and (for the U.S. only) 2020 Demographic Analysis estimates. For population estimates methodology statements, see https://www.census.gov/programs-surveys/popest/technical-documentation/methodology.html. The Office of Management and Budget’s statistical area delineations for metropolitan, micropolitan, and combined statistical areas, as well as metropolitan divisions, are those issued by that agency in July 2023. All other geographic boundaries for the 2023 population estimates series are as of January 1, 2023.",2081265.0,2021,2069054.0
"Abilene, TX",176562.0,2022,179665.0
"Akron, OH",702225.0,2022,697511.0
"Albany, GA",148915.0,2022,145796.0
"Albany, OR",128611.0,2022,130622.0
"Albany-Schenectady-Troy, NY",899247.0,2022,903595.0
"Albuquerque, NM",916545.0,2022,920138.0
"Alexandria, LA",152184.0,2022,149068.0
"Allentown-Bethlehem-Easton, PA-NJ",861910.0,2022,870570.0
"Altoona, PA",122827.0,2022,120734.0
"Amarillo, TX",268683.0,2022,270589.0
"Ames, IA",125242.0,2022,124836.0
"Amherst Town-Northampton, MA",162316.0,2022,162518.0
"Anchorage, AK",398312.0,2022,400455.0
"Ann Arbor, MI",372258.0,2022,366504.0
"Anniston-Oxford, AL",116441.0,2022,115780.0
"Appleton, WI",243153.0,2022,244981.0
"Asheville, NC",406933.0,2022,413969.0
"Athens-Clarke County, GA",215422.0,2022,220331.0
"Atlanta-Sandy Springs-Roswell, GA",6106847.0,2022,6238676.0
"Atlantic City-Hammonton, NJ",369798.0,2022,370787.0
"Auburn-Opelika, AL",193774.0,2022,199230.0
"Augusta-Richmond County, GA-SC",610978.0,2022,623985.0
"Austin-Round Rock-San Marcos, TX",2283379.0,2022,2423170.0
"Bakersfield-Delano, CA",909229.0,2022,916751.0
"Baltimore-Columbia-Towson, MD",2844523.0,2022,2834813.0
"Bangor, ME",152187.0,2022,154728.0
"Barnstable Town, MA",228995.0,2022,232078.0
"Baton Rouge, LA",870580.0,2022,872347.0
"Battle Creek, MI",134297.0,2022,133424.0
"Bay City, MI",103855.0,2022,102638.0
"Beaumont-Port Arthur, TX",397566.0,2022,394489.0
"Beckley, WV",115066.0,2022,112189.0
"Bellingham, WA",226852.0,2022,230598.0
"Bend, OR",247497.0,2022,258184.0
"Billings, MT",184166.0,2022,190275.0
"Binghamton, NY",247135.0,2022,245024.0
"Birmingham, AL",1180632.0,2022,1180786.0
"Bismarck, ND",133627.0,2022,134963.0
"Blacksburg-Christiansburg-Radford, VA",181854.0,2022,181283.0
"Bloomington, IL",170956.0,2022,170918.0
"Bloomington, IN",161038.0,2022,161108.0
"Boise City, ID",764714.0,2022,811355.0
"Boston-Cambridge-Newton, MA-NH",4944611.0,2022,4903026.0
"Boulder, CO",330759.0,2022,327339.0
"Bowling Green, KY",179639.0,2022,185996.0
"Bozeman, MT",118958.0,2022,124938.0
"Bremerton-Silverdale-Port Orchard, WA",275612.0,2022,277813.0
"Bridgeport-Stamford-Danbury, CT",946293.0,2022,949982.0
"Brownsville-Harlingen, TX",421020.0,2022,424911.0
"Brunswick-St. Simons, GA",113494.0,2022,114538.0
"Buffalo-Cheektowaga, NY",1166897.0,2022,1158890.0
"Burlington, NC",171426.0,2022,176618.0
"Burlington-South Burlington, VT",225563.0,2022,227566.0
"Canton-Massillon, OH",401580.0,2022,399471.0
"Cape Coral-Fort Myers, FL",760814.0,2022,822391.0
"Cape Girardeau, MO-IL",97523.0,2022,98303.0
"Carson City, NV",58646.0,2022,58065.0
"Casper, WY",79966.0,2022,79523.0
"Cedar Rapids, IA",276524.0,2022,275631.0
"Chambersburg, PA",155945.0,2022,156951.0
"Champaign-Urbana, IL",236075.0,2022,236100.0
"Charleston, WV",210605.0,2022,204611.0
"Charleston-North Charleston, SC",799636.0,2022,830352.0
"Charlotte-Concord-Gastonia, NC-SC",2660348.0,2022,2754657.0
"Charlottesville, VA",221526.0,2022,223996.0
"Chattanooga, TN-GA",562648.0,2022,574461.0
"Cheyenne, WY",100512.0,2022,100781.0
"Chicago-Naperville-Elgin, IL-IN",9450304.0,2022,9279427.0
"Chico, CA",211630.0,2022,207369.0
"Cincinnati, OH-KY-IN",2249781.0,2022,2258625.0
"Clarksville, TN-KY",320518.0,2022,335527.0
"Cleveland, OH",2185727.0,2022,2160701.0
"Cleveland, TN",126164.0,2022,128317.0
"Coeur d'Alene, ID",171363.0,2022,183290.0
"College Station-Bryan, TX",268244.0,2022,277751.0
"Colorado Springs, CO",755112.0,2022,765456.0
"Columbia, MO",210862.0,2022,214663.0
"Columbia, SC",829466.0,2022,848112.0
"Columbus, GA-AL",328887.0,2022,323826.0
"Columbus, IN",82211.0,2022,83394.0
"Columbus, OH",2138941.0,2022,2162066.0
"Corpus Christi, TX",445758.0,2022,446640.0
"Corvallis, OR",95183.0,2022,97661.0
"Crestview-Fort Walton Beach-Destin, FL",286973.0,2022,299868.0
"Dallas-Fort Worth-Arlington, TX",7637398.0,2022,7947439.0
"Dalton, GA",142843.0,2022,143505.0
"Daphne-Fairhope-Foley, AL",231768.0,2022,246531.0
"Davenport-Moline-Rock Island, IA-IL",384318.0,2022,379439.0
"Dayton-Kettering-Beavercreek, OH",814050.0,2022,812714.0
"Decatur, AL",156498.0,2022,157418.0
"Decatur, IL",103984.0,2022,101333.0
"Deltona-Daytona Beach-Ormond Beach, FL",668909.0,2022,706423.0
"Denver-Aurora-Centennial, CO",2963814.0,2022,2986190.0
"Des Moines-West Des Moines, IA",709512.0,2022,729303.0
"Detroit-Warren-Dearborn, MI",4392390.0,2022,4348636.0
"Dothan, AL",151001.0,2022,152477.0
"Dover, DE",181858.0,2022,187758.0
"Dubuque, IA",99275.0,2022,98715.0
"Duluth, MN-WI",280719.0,2022,280328.0
"Durham-Chapel Hill, NC",588911.0,2022,602827.0
"Eagle Pass, TX",57884.0,2022,57628.0
"Eau Claire, WI",172013.0,2022,173539.0
"El Centro, CA",179713.0,2022,178940.0
"Elizabethtown, KY",125557.0,2022,126893.0
"Elkhart-Goshen, IN",207046.0,2022,206873.0
"Elmira, NY",84142.0,2022,81641.0
"El Paso, TX",868862.0,2022,870655.0
"Enid, OK",62839.0,2022,61951.0
"Erie, PA",270892.0,2022,268840.0
"Eugene-Springfield, OR",382983.0,2022,382181.0
"Evansville, IN",269238.0,2022,269892.0
"Fairbanks-College, AK",95660.0,2022,95202.0
"Fargo, ND-MN",249833.0,2022,258573.0
"Farmington, NM",121666.0,2022,120569.0
"Fayetteville, NC",386807.0,2022,390472.0
"Fayetteville-Springdale-Rogers, AR",546725.0,2022,576967.0
"Flagstaff, AZ",145104.0,2022,144223.0
"Flint, MI",406217.0,2022,401923.0
"Florence, SC",199965.0,2022,199176.0
"Florence-Muscle Shoals, AL",150794.0,2022,153868.0
"Fond du Lac, WI",104160.0,2022,103812.0
"Fort Collins-Loveland, CO",359074.0,2022,367577.0
"Fort Smith, AR-OK",227205.0,2022,229951.0
"Fort Wayne, IN",447744.0,2022,454519.0
"Fresno, CA",1164904.0,2022,1175688.0
"Gadsden, AL",103434.0,2022,102903.0
"Gainesville, FL",339241.0,2022,348296.0
"Gainesville, GA",202889.0,2022,212621.0
"Gettysburg, PA",103838.0,2022,105959.0
"Glens Falls, NY",127034.0,2022,126237.0
"Goldsboro, NC",117321.0,2022,117449.0
"Grand Forks, ND-MN",104366.0,2022,103146.0
"Grand Island, NE",77028.0,2022,76320.0
"Grand Junction, CO",155706.0,2022,158531.0
"Grand Rapids-Wyoming-Kentwood, MI",1149996.0,2022,1157285.0
"Grants Pass, OR",88088.0,2022,87800.0
"Great Falls, MT",84409.0,2022,85001.0
"Greeley, CO",328987.0,2022,350266.0
"Green Bay, WI",328273.0,2022,330417.0
"Greensboro-High Point, NC",776548.0,2022,784619.0
"Greenville, NC",170242.0,2022,173610.0
"Greenville-Anderson-Greer, SC",928212.0,2022,958918.0
"Gulfport-Biloxi, MS",416249.0,2022,420054.0
"Hagerstown-Martinsburg, MD-WV",293845.0,2022,302071.0
"Hammond, LA",133162.0,2022,136799.0
"Hanford-Corcoran, CA",152486.0,2022,152987.0
"Harrisburg-Carlisle, PA",591711.0,2022,603332.0
"Harrisonburg, VA",135573.0,2022,136564.0
"Hartford-West Hartford-East Hartford, CT",1150500.0,2022,1148050.0
"Hattiesburg, MS",153889.0,2022,155120.0
"Helena, MT",89827.0,2022,94386.0
"Hickory-Lenoir-Morganton, NC",365270.0,2022,367802.0
"Hilton Head Island-Bluffton-Port Royal, SC",215916.0,2022,228133.0
"Hinesville, GA",81429.0,2022,86314.0
"Homosassa Springs, FL",153849.0,2022,162508.0
"Hot Springs, AR",100173.0,2022,99982.0
"Houma-Bayou Cane-Thibodaux, LA",207142.0,2022,200383.0
"Houston-Pasadena-The Woodlands, TX",7149604.0,2022,7370464.0
"Huntington-Ashland, WV-KY-OH",376141.0,2022,369974.0
"Huntsville, AL",491719.0,2022,514473.0
"Idaho Falls, ID",157430.0,2022,165577.0
"Indianapolis-Carmel-Greenwood, IN",2089636.0,2022,2120661.0
"Iowa City, IA",175428.0,2022,179457.0
"Ithaca, NY",105737.0,2022,104299.0
"Jackson, MI",160370.0,2022,159758.0
"Jackson, MS",619989.0,2022,610703.0
"Jackson, TN",180500.0,2022,181418.0
"Jacksonville, FL",1605844.0,2022,1676329.0
"Jacksonville, NC",204576.0,2022,209031.0
"Janesville-Beloit, WI",163690.0,2022,163841.0
"Jefferson City, MO",150316.0,2022,150337.0
"Johnson City, TN",207276.0,2022,210223.0
"Johnstown, PA",133478.0,2022,131429.0
"Jonesboro, AR",134207.0,2022,135316.0
"Joplin, MO-KS",200784.0,2022,203137.0
"Kahului-Wailuku, HI",164836.0,2022,164440.0
"Kalamazoo-Portage, MI",261677.0,2022,260892.0
"Kankakee, IL",107510.0,2022,105998.0
"Kansas City, MO-KS",2192065.0,2022,2208782.0
"Kennewick-Richland, WA",303616.0,2022,311411.0
"Kenosha, WI",169150.0,2022,167637.0
"Killeen-Temple, TX",475371.0,2022,494449.0
"Kingsport-Bristol, TN-VA",307610.0,2022,311040.0
"Kingston, NY",181841.0,2022,182320.0
"Kiryas Joel-Poughkeepsie-Newburgh, NY",698336.0,2022,704100.0
"Knoxville, TN",903322.0,2022,932921.0
"Kokomo, IN",83664.0,2022,83546.0
"La Crosse-Onalaska, WI-MN",170336.0,2022,170042.0
"Lafayette, LA",408082.0,2022,412641.0
"Lafayette-West Lafayette, IN",223714.0,2022,225911.0
"Lake Charles, LA",254651.0,2022,239113.0
"Lake Havasu City-Kingman, AZ",213276.0,2022,220905.0
"Lakeland-Winter Haven, FL",725048.0,2022,788382.0
"Lancaster, PA",552989.0,2022,556660.0
"Lansing-East Lansing, MI",473202.0,2022,471983.0
"Laredo, TX",267113.0,2022,267619.0
"Las Cruces, NM",219569.0,2022,223530.0
"Las Vegas-Henderson-North Las Vegas, NV",2265475.0,2022,2322535.0
"Lawrence, KS",118779.0,2022,120007.0
"Lawton, OK",126651.0,2022,127674.0
"Lebanon, PA",143253.0,2022,143902.0
"Lewiston, ID-WA",64377.0,2022,65445.0
"Lewiston-Auburn, ME",111132.0,2022,113225.0
"Lexington-Fayette, KY",516820.0,2022,517748.0
"Lexington Park, MD",206566.0,2022,209342.0
"Lima, OH",102211.0,2022,101097.0
"Lincoln, NE",340221.0,2022,342059.0
"Little Rock-North Little Rock-Conway, AR",748038.0,2022,757768.0
"Logan, UT-ID",147352.0,2022,155315.0
"Longview, TX",286179.0,2022,290575.0
"Longview-Kelso, WA",110728.0,2022,112064.0
"Los Angeles-Long Beach-Anaheim, CA",13200973.0,2022,12870137.0
"Louisville/Jefferson County, KY-IN",1362145.0,2022,1361300.0
"Lubbock, TX",351261.0,2022,356789.0
"Lynchburg, VA",261597.0,2022,263209.0
"Macon-Bibb County, GA",233808.0,2022,233952.0
"Madison, WI",680805.0,2022,686829.0
"Manchester-Nashua, NH",422938.0,2022,427493.0
"Manhattan, KS",134042.0,2022,133384.0
"Mankato, MN",103563.0,2022,103946.0
"Mansfield, OH",124927.0,2022,125261.0
"McAllen-Edinburg-Mission, TX",870787.0,2022,888286.0
"Medford, OR",223255.0,2022,221669.0
"Memphis, TN-MS-AR",1345436.0,2022,1338667.0
"Merced, CA",281205.0,2022,290210.0
"Miami-Fort Lauderdale-West Palm Beach, FL",6138356.0,2022,6139812.0
"Michigan City-La Porte, IN",112404.0,2022,111822.0
"Midland, MI",83487.0,2022,83762.0
"Midland, TX",175224.0,2022,177247.0
"Milwaukee-Waukesha, WI",1574713.0,2022,1559128.0
"Minneapolis-St. Paul-Bloomington, MN-WI",3690271.0,2022,3691666.0
"Minot, ND",77561.0,2022,76233.0
"Missoula, MT",122458.0,2022,126031.0
"Mobile, AL",414809.0,2022,411398.0
"Modesto, CA",552882.0,2022,551226.0
"Monroe, LA",227154.0,2022,222631.0
"Monroe, MI",154802.0,2022,155235.0
"Montgomery, AL",386062.0,2022,385410.0
"Morgantown, WV",140034.0,2022,141200.0
"Morristown, TN",119182.0,2022,121827.0
"Mount Vernon-Anacortes, WA",129524.0,2022,131322.0
"Muncie, IN",111909.0,2022,112163.0
"Muskegon-Norton Shores, MI",174736.0,2022,175539.0
"Myrtle Beach-Conway-North Myrtle Beach, SC",351032.0,2022,383147.0
"Napa, CA",138013.0,2022,134370.0
"Naples-Marco Island, FL",375760.0,2022,397516.0
"Nashville-Davidson--Murfreesboro--Franklin, TN",2014420.0,2022,2071019.0
"New Haven, CT",570455.0,2022,568402.0
"New Orleans-Metairie, LA",1007286.0,2022,973385.0
"New York-Newark-Jersey City, NY-NJ",20081990.0,2022,19563798.0
"Niles, MI",154318.0,2022,152835.0
"North Port-Bradenton-Sarasota, FL",833724.0,2022,891721.0
"Norwich-New London-Willimantic, CT",280428.0,2022,279257.0
"Ocala, FL",375904.0,2022,396437.0
"Odessa, TX",165170.0,2022,161057.0
"Ogden, UT",637207.0,2022,652184.0
"Oklahoma City, OK",1425703.0,2022,1459957.0
"Olympia-Lacey-Tumwater, WA",294792.0,2022,298639.0
"Omaha, NE-IA",967606.0,2022,976309.0
"Orlando-Kissimmee-Sanford, FL",2673391.0,2022,2763017.0
"Oshkosh-Neenah, WI",171735.0,2022,170688.0
"Owensboro, KY",112477.0,2022,112296.0
"Oxnard-Thousand Oaks-Ventura, CA",843840.0,2022,832871.0
"Paducah, KY-IL",103480.0,2022,102522.0
"Palm Bay-Melbourne-Titusville, FL",606621.0,2022,630707.0
"Panama City-Panama City Beach, FL",200531.0,2022,210615.0
"Parkersburg-Vienna, WV",89489.0,2022,88480.0
"Pensacola-Ferry Pass-Brent, FL",509899.0,2022,522059.0
"Peoria, IL",368789.0,2022,362771.0
"Philadelphia-Camden-Wilmington, PA-NJ-DE-MD",6245020.0,2022,6242746.0
"Phoenix-Mesa-Chandler, AZ",4851102.0,2022,5020870.0
"Pinehurst-Southern Pines, NC",99745.0,2022,105491.0
"Pittsburgh, PA",2457036.0,2022,2432532.0
"Pittsfield, MA",129039.0,2022,127547.0
"Pocatello, ID",87019.0,2022,89625.0
"Portland-South Portland, ME",551737.0,2022,563159.0
"Portland-Vancouver-Hillsboro, OR-WA",2512843.0,2022,2508928.0
"Port St. Lucie, FL",487660.0,2022,520873.0
"Prescott Valley-Prescott, AZ",236210.0,2022,246230.0
"Providence-Warwick, RI-MA",1676579.0,2022,1673586.0
"Provo-Orem-Lehi, UT",671172.0,2022,715278.0
"Pueblo, CO",168165.0,2022,169472.0
"Punta Gorda, FL",186825.0,2022,202582.0
"Racine-Mount Pleasant, WI",197735.0,2022,195961.0
"Raleigh-Cary, NC",1413967.0,2022,1480080.0
"Rapid City, SD",147393.0,2022,154029.0
"Reading, PA",428851.0,2022,431573.0
"Redding, CA",182158.0,2022,180937.0
"Reno, NV",549829.0,2022,562773.0
"Richmond, VA",1314424.0,2022,1338238.0
"Riverside-San Bernardino-Ontario, CA",4599842.0,2022,4669149.0
"Roanoke, VA",315246.0,2022,314150.0
"Rochester, MN",226337.0,2022,228134.0
"Rochester, NY",1065398.0,2022,1054829.0
"Rockford, IL",338788.0,2022,334610.0
"Rocky Mount, NC",143865.0,2022,144209.0
"Rome, GA",98582.0,2022,99437.0
"Sacramento-Roseville-Folsom, CA",2397388.0,2022,2417259.0
"Saginaw, MI",190129.0,2022,188373.0
"St. Cloud, MN",199672.0,2022,201751.0
"St. George, UT",180275.0,2022,197730.0
"St. Joseph, MO-KS",121471.0,2022,119692.0
"St. Louis, MO-IL",2820285.0,2022,2800245.0
"Salem, OR",433341.0,2022,436312.0
"Salinas, CA",439035.0,2022,432884.0
"Salisbury, MD",128203.0,2022,129094.0
"Salt Lake City-Murray, UT",1257939.0,2022,1266524.0
"San Angelo, TX",121519.0,2022,120447.0
"San Antonio-New Braunfels, TX",2558115.0,2022,2655928.0
"San Diego-Chula Vista-Carlsbad, CA",3298648.0,2022,3277176.0
"Sandusky, OH",115981.0,2022,114482.0
"San Francisco-Oakland-Fremont, CA",4748982.0,2022,4578135.0
"San Jose-Sunnyvale-Santa Clara, CA",2000489.0,2022,1945978.0
"San Luis Obispo-Paso Robles, CA",282443.0,2022,282046.0
"Santa Cruz-Watsonville, CA",270870.0,2022,264240.0
"Santa Fe, NM",154821.0,2022,155761.0
"Santa Maria-Santa Barbara, CA",448220.0,2022,443915.0
"Santa Rosa-Petaluma, CA",488850.0,2022,482669.0
"Savannah, GA",404803.0,2022,418277.0
"Scranton--Wilkes-Barre, PA",567603.0,2022,568270.0
"Seattle-Tacoma-Bellevue, WA",4018797.0,2022,4032242.0
"Sebastian-Vero Beach-West Vero Corridor, FL",159791.0,2022,167267.0
"Sebring, FL",101239.0,2022,105649.0
"Sheboygan, WI",118032.0,2022,117661.0
"Sherman-Denison, TX",135543.0,2022,143198.0
"Shreveport-Bossier City, LA",393409.0,2022,384943.0
"Sierra Vista-Douglas, AZ",125445.0,2022,125487.0
"Sioux City, IA-NE-SD",144344.0,2022,143737.0
"Sioux Falls, SD-MN",286400.0,2022,299079.0
"Slidell-Mandeville-Covington, LA",264571.0,2022,273237.0
"South Bend-Mishawaka, IN-MI",324513.0,2022,323759.0
"Spartanburg, SC",355232.0,2022,372687.0
"Spokane-Spokane Valley, WA",585790.0,2022,598023.0
"Springfield, IL",208636.0,2022,206223.0
"Springfield, MA",465839.0,2022,460758.0
"Springfield, MO",475433.0,2022,486931.0
"Springfield, OH",135971.0,2022,134732.0
"State College, PA",158163.0,2022,157533.0
"Staunton-Stuarts Draft, VA",125434.0,2022,126678.0
"Stockton-Lodi, CA",779230.0,2022,794293.0
"Sumter, SC",105548.0,2022,103936.0
"Syracuse, NY",662068.0,2022,655021.0
"Tallahassee, FL",384301.0,2022,390913.0
"Tampa-St. Petersburg-Clearwater, FL",3175291.0,2022,3291341.0
"Terre Haute, IN",168874.0,2022,168596.0
"Texarkana, TX-AR",147524.0,2022,146185.0
"Toledo, OH",606241.0,2022,600519.0
"Topeka, KS",233139.0,2022,231897.0
"Traverse City, MI",153456.0,2022,155752.0
"Trenton-Princeton, NJ",387328.0,2022,380779.0
"Tucson, AZ",1043435.0,2022,1057476.0
"Tulsa, OK",1015338.0,2022,1034048.0
"Tuscaloosa, AL",268686.0,2022,277490.0
"Twin Falls, ID",114291.0,2022,119065.0
"Tyler, TX",233484.0,2022,241995.0
"Urban Honolulu, HI",1016507.0,2022,994828.0
"Utica-Rome, NY",292257.0,2022,287942.0
"Valdosta, GA",148135.0,2022,149646.0
"Vallejo, CA",453491.0,2022,448885.0
"Victoria, TX",98338.0,2022,98194.0
"Vineland, NJ",154160.0,2022,151347.0
"Virginia Beach-Chesapeake-Norfolk, VA-NC",1780062.0,2022,1785390.0
"Visalia, CA",473116.0,2022,477884.0
"Waco, TX",295788.0,2022,301825.0
"Walla Walla, WA",62585.0,2022,61853.0
"Warner Robins, GA",191628.0,2022,198261.0
"Washington-Arlington-Alexandria, DC-VA-MD-WV",6278594.0,2022,6265891.0
"Waterbury-Shelton, CT",450435.0,2022,453590.0
"Waterloo-Cedar Falls, IA",168459.0,2022,167661.0
"Watertown-Fort Drum, NY",116711.0,2022,115461.0
"Wausau, WI",138026.0,2022,137955.0
"Weirton-Steubenville, WV-OH",116892.0,2022,114221.0
"Wenatchee-East Wenatchee, WA",122014.0,2022,124261.0
"Wheeling, WV-OH",139520.0,2022,136625.0
"Wichita, KS",647607.0,2022,649687.0
"Wichita Falls, TX",148136.0,2022,149568.0
"Wildwood-The Villages, FL",129745.0,2022,144767.0
"Williamsport, PA",114189.0,2022,113034.0
"Wilmington, NC",422601.0,2022,454390.0
"Winchester, VA-WV",142636.0,2022,146126.0
"Winston-Salem, NC",675986.0,2022,688799.0
"Worcester, MA",862116.0,2022,862873.0
"Yakima, WA",256738.0,2022,257019.0
"York-Hanover, PA",456441.0,2022,461049.0
"Youngstown-Warren, OH",430676.0,2022,426648.0
"Yuba City, CA",181214.0,2022,182922.0
"Yuma, AZ",205002.0,2022,208874.0
Puerto Rico,3285874.0,2022,3220113.0
"Aguadilla, PR",253768.0,2022,250786.0
"Arecibo, PR",182705.0,2022,179959.0
"Guayama, PR",68442.0,2022,66042.0
"Mayagüez, PR",213831.0,2022,209131.0
"Ponce, PR",278477.0,2022,269197.0
"San Juan-Bayamón-Caguas, PR",2081265.0,2022,2042801.0
"Vintage 2023 data products are associated with Data Management System projects P-6000042, P-7501659, and P-7527355. The U.S. Census Bureau reviewed these data products for unauthorized disclosure of confidential information and approved the disclosure avoidance practices applied to this release (CBDRB-FY24-0085).",2081265.0,2022,2042801.0
"Note: The estimates are developed from a base that integrates the 2020 Census, Vintage 2020 estimates, and (for the U.S. only) 2020 Demographic Analysis estimates. For population estimates methodology statements, see https://www.census.gov/programs-surveys/popest/technical-documentation/methodology.html. The Office of Management and Budget’s statistical area delineations for metropolitan, micropolitan, and combined statistical areas, as well as metropolitan divisions, are those issued by that agency in July 2023. All other geographic boundaries for the 2023 population estimates series are as of January 1, 2023.",2081265.0,2022,2042801.0
"Abilene, TX",176562.0,2023,181591.0
"Akron, OH",702225.0,2023,698398.0
"Albany, GA",148915.0,2023,145508.0
"Albany, OR",128611.0,2023,131496.0
"Albany-Schenectady-Troy, NY",899247.0,2023,904682.0
"Albuquerque, NM",916545.0,2023,922296.0
"Alexandria, LA",152184.0,2023,148171.0
"Allentown-Bethlehem-Easton, PA-NJ",861910.0,2023,873555.0
"Altoona, PA",122827.0,2023,120273.0
"Amarillo, TX",268683.0,2023,272395.0
"Ames, IA",125242.0,2023,125156.0
"Amherst Town-Northampton, MA",162316.0,2023,162502.0
"Anchorage, AK",398312.0,2023,401314.0
"Ann Arbor, MI",372258.0,2023,365536.0
"Anniston-Oxford, AL",116441.0,2023,116429.0
"Appleton, WI",243153.0,2023,246433.0
"Asheville, NC",406933.0,2023,417202.0
"Athens-Clarke County, GA",215422.0,2023,222060.0
"Atlanta-Sandy Springs-Roswell, GA",6106847.0,2023,6307261.0
"Atlantic City-Hammonton, NJ",369798.0,2023,369823.0
"Auburn-Opelika, AL",193774.0,2023,201585.0
"Augusta-Richmond County, GA-SC",610978.0,2023,629429.0
"Austin-Round Rock-San Marcos, TX",2283379.0,2023,2473275.0
"Bakersfield-Delano, CA",909229.0,2023,913820.0
"Baltimore-Columbia-Towson, MD",2844523.0,2023,2834316.0
"Bangor, ME",152187.0,2023,155312.0
"Barnstable Town, MA",228995.0,2023,231735.0
"Baton Rouge, LA",870580.0,2023,873661.0
"Battle Creek, MI",134297.0,2023,133366.0
"Bay City, MI",103855.0,2023,102500.0
"Beaumont-Port Arthur, TX",397566.0,2023,395479.0
"Beckley, WV",115066.0,2023,111428.0
"Bellingham, WA",226852.0,2023,231919.0
"Bend, OR",247497.0,2023,260919.0
"Billings, MT",184166.0,2023,191435.0
"Binghamton, NY",247135.0,2023,243792.0
"Birmingham, AL",1180632.0,2023,1184290.0
"Bismarck, ND",133627.0,2023,135786.0
"Blacksburg-Christiansburg-Radford, VA",181854.0,2023,181428.0
"Bloomington, IL",170956.0,2023,170441.0
"Bloomington, IN",161038.0,2023,160874.0
"Boise City, ID",764714.0,2023,824657.0
"Boston-Cambridge-Newton, MA-NH",4944611.0,2023,4919179.0
"Boulder, CO",330759.0,2023,326831.0
"Bowling Green, KY",179639.0,2023,188840.0
"Bozeman, MT",118958.0,2023,126409.0
"Bremerton-Silverdale-Port Orchard, WA",275612.0,2023,277658.0
"Bridgeport-Stamford-Danbury, CT",946293.0,2023,951558.0
"Brownsville-Harlingen, TX",421020.0,2023,426710.0
"Brunswick-St. Simons, GA",113494.0,2023,116074.0
"Buffalo-Cheektowaga, NY",1166897.0,2023,1155604.0
"Burlington, NC",171426.0,2023,179165.0
"Burlington-South Burlington, VT",225563.0,2023,227942.0
"Canton-Massillon, OH",401580.0,2023,399474.0
"Cape Coral-Fort Myers, FL",760814.0,2023,834573.0
"Cape Girardeau, MO-IL",97523.0,2023,98223.0
"Carson City, NV",58646.0,2023,58036.0
"Casper, WY",79966.0,2023,79941.0
"Cedar Rapids, IA",276524.0,2023,275668.0
"Chambersburg, PA",155945.0,2023,157854.0
"Champaign-Urbana, IL",236075.0,2023,235608.0
"Charleston, WV",210605.0,2023,203164.0
"Charleston-North Charleston, SC",799636.0,2023,849417.0
"Charlotte-Concord-Gastonia, NC-SC",2660348.0,2023,2805115.0
"Charlottesville, VA",221526.0,2023,225127.0
"Chattanooga, TN-GA",562648.0,2023,580971.0
"Cheyenne, WY",100512.0,2023,100984.0
"Chicago-Naperville-Elgin, IL-IN",9450304.0,2023,9262825.0
"Chico, CA",211630.0,2023,207172.0
"Cincinnati, OH-KY-IN",2249781.0,2023,2271479.0
"Clarksville, TN-KY",320518.0,2023,340495.0
"Cleveland, OH",2185727.0,2023,2158932.0
"Cleveland, TN",126164.0,2023,129612.0
"Coeur d'Alene, ID",171363.0,2023,185010.0
"College Station-Bryan, TX",268244.0,2023,281445.0
"Colorado Springs, CO",755112.0,2023,768832.0
"Columbia, MO",210862.0,2023,216511.0
"Columbia, SC",829466.0,2023,858302.0
"Columbus, GA-AL",328887.0,2023,323768.0
"Columbus, IN",82211.0,2023,84003.0
"Columbus, OH",2138941.0,2023,2180271.0
"Corpus Christi, TX",445758.0,2023,448323.0
"Corvallis, OR",95183.0,2023,97713.0
"Crestview-Fort Walton Beach-Destin, FL",286973.0,2023,304818.0
"Dallas-Fort Worth-Arlington, TX",7637398.0,2023,8100037.0
"Dalton, GA",142843.0,2023,144722.0
"Daphne-Fairhope-Foley, AL",231768.0,2023,253507.0
"Davenport-Moline-Rock Island, IA-IL",384318.0,2023,379441.0
"Dayton-Kettering-Beavercreek, OH",814050.0,2023,814363.0
"Decatur, AL",156498.0,2023,158635.0
"Decatur, IL",103984.0,2023,100591.0
"Deltona-Daytona Beach-Ormond Beach, FL",668909.0,2023,721796.0
"Denver-Aurora-Centennial, CO",2963814.0,2023,3005131.0
"Des Moines-West Des Moines, IA",709512.0,2023,737164.0
"Detroit-Warren-Dearborn, MI",4392390.0,2023,4342304.0
"Dothan, AL",151001.0,2023,153349.0
"Dover, DE",181858.0,2023,189789.0
"Dubuque, IA",99275.0,2023,98887.0
"Duluth, MN-WI",280719.0,2023,281603.0
"Durham-Chapel Hill, NC",588911.0,2023,608879.0
"Eagle Pass, TX",57884.0,2023,57762.0
"Eau Claire, WI",172013.0,2023,174873.0
"El Centro, CA",179713.0,2023,179057.0
"Elizabethtown, KY",125557.0,2023,127576.0
"Elkhart-Goshen, IN",207046.0,2023,206409.0
"Elmira, NY",84142.0,2023,81325.0
"El Paso, TX",868862.0,2023,873331.0
"Enid, OK",62839.0,2023,62023.0
"Erie, PA",270892.0,2023,267571.0
"Eugene-Springfield, OR",382983.0,2023,381181.0
"Evansville, IN",269238.0,2023,270717.0
"Fairbanks-College, AK",95660.0,2023,94840.0
"Fargo, ND-MN",249833.0,2023,262620.0
"Farmington, NM",121666.0,2023,120675.0
"Fayetteville, NC",386807.0,2023,392336.0
"Fayetteville-Springdale-Rogers, AR",546725.0,2023,590337.0
"Flagstaff, AZ",145104.0,2023,144472.0
"Flint, MI",406217.0,2023,401522.0
"Florence, SC",199965.0,2023,199630.0
"Florence-Muscle Shoals, AL",150794.0,2023,155175.0
"Fond du Lac, WI",104160.0,2023,103948.0
"Fort Collins-Loveland, CO",359074.0,2023,370771.0
"Fort Smith, AR-OK",227205.0,2023,231280.0
"Fort Wayne, IN",447744.0,2023,457842.0
"Fresno, CA",1164904.0,2023,1180020.0
"Gadsden, AL",103434.0,2023,103241.0
"Gainesville, FL",339241.0,2023,352126.0
"Gainesville, GA",202889.0,2023,217267.0
"Gettysburg, PA",103838.0,2023,106748.0
"Glens Falls, NY",127034.0,2023,125427.0
"Goldsboro, NC",117321.0,2023,118686.0
"Grand Forks, ND-MN",104366.0,2023,103120.0
"Grand Island, NE",77028.0,2023,76479.0
"Grand Junction, CO",155706.0,2023,159681.0
"Grand Rapids-Wyoming-Kentwood, MI",1149996.0,2023,1162950.0
"Grants Pass, OR",88088.0,2023,87821.0
"Great Falls, MT",84409.0,2023,84900.0
"Greeley, CO",328987.0,2023,359442.0
"Green Bay, WI",328273.0,2023,331882.0
"Greensboro-High Point, NC",776548.0,2023,789842.0
"Greenville, NC",170242.0,2023,175119.0
"Greenville-Anderson-Greer, SC",928212.0,2023,975480.0
"Gulfport-Biloxi, MS",416249.0,2023,421916.0
"Hagerstown-Martinsburg, MD-WV",293845.0,2023,305902.0
"Hammond, LA",133162.0,2023,138064.0
"Hanford-Corcoran, CA",152486.0,2023,152682.0
"Harrisburg-Carlisle, PA",591711.0,2023,606055.0
"Harrisonburg, VA",135573.0,2023,137650.0
"Hartford-West Hartford-East Hartford, CT",1150500.0,2023,1151543.0
"Hattiesburg, MS",153889.0,2023,155740.0
"Helena, MT",89827.0,2023,96091.0
"Hickory-Lenoir-Morganton, NC",365270.0,2023,370030.0
"Hilton Head Island-Bluffton-Port Royal, SC",215916.0,2023,232523.0
"Hinesville, GA",81429.0,2023,88804.0
"Homosassa Springs, FL",153849.0,2023,166696.0
"Hot Springs, AR",100173.0,2023,99784.0
"Houma-Bayou Cane-Thibodaux, LA",207142.0,2023,198672.0
"Houston-Pasadena-The Woodlands, TX",7149604.0,2023,7510253.0
"Huntington-Ashland, WV-KY-OH",376141.0,2023,368261.0
"Huntsville, AL",491719.0,2023,527254.0
"Idaho Falls, ID",157430.0,2023,168322.0
"Indianapolis-Carmel-Greenwood, IN",2089636.0,2023,2138468.0
"Iowa City, IA",175428.0,2023,180088.0
"Ithaca, NY",105737.0,2023,103558.0
"Jackson, MI",160370.0,2023,159424.0
"Jackson, MS",619989.0,2023,610257.0
"Jackson, TN",180500.0,2023,181826.0
"Jacksonville, FL",1605844.0,2023,1713240.0
"Jacksonville, NC",204576.0,2023,213676.0
"Janesville-Beloit, WI",163690.0,2023,164278.0
"Jefferson City, MO",150316.0,2023,150733.0
"Johnson City, TN",207276.0,2023,213198.0
"Johnstown, PA",133478.0,2023,130668.0
"Jonesboro, AR",134207.0,2023,136390.0
"Joplin, MO-KS",200784.0,2023,204787.0
"Kahului-Wailuku, HI",164836.0,2023,164264.0
"Kalamazoo-Portage, MI",261677.0,2023,262215.0
"Kankakee, IL",107510.0,2023,105940.0
"Kansas City, MO-KS",2192065.0,2023,2221343.0
"Kennewick-Richland, WA",303616.0,2023,314253.0
"Kenosha, WI",169150.0,2023,167488.0
"Killeen-Temple, TX",475371.0,2023,501333.0
"Kingsport-Bristol, TN-VA",307610.0,2023,313025.0
"Kingston, NY",181841.0,2023,182333.0
"Kiryas Joel-Poughkeepsie-Newburgh, NY",698336.0,2023,704620.0
"Knoxville, TN",903322.0,2023,946264.0
"Kokomo, IN",83664.0,2023,83831.0
"La Crosse-Onalaska, WI-MN",170336.0,2023,170238.0
"Lafayette, LA",408082.0,2023,414288.0
"Lafayette-West Lafayette, IN",223714.0,2023,226564.0
"Lake Charles, LA",254651.0,2023,240082.0
"Lake Havasu City-Kingman, AZ",213276.0,2023,223682.0
"Lakeland-Winter Haven, FL",725048.0,2023,818330.0
"Lancaster, PA",552989.0,2023,558589.0
"Lansing-East Lansing, MI",473202.0,2023,473177.0
"Laredo, TX",267113.0,2023,269148.0
"Las Cruces, NM",219569.0,2023,225210.0
"Las Vegas-Henderson-North Las Vegas, NV",2265475.0,2023,2336573.0
"Lawrence, KS",118779.0,2023,120553.0
"Lawton, OK",126651.0,2023,127001.0
"Lebanon, PA",143253.0,2023,144252.0
"Lewiston, ID-WA",64377.0,2023,65536.0
"Lewiston-Auburn, ME",111132.0,2023,113765.0
"Lexington-Fayette, KY",516820.0,2023,520045.0
"Lexington Park, MD",206566.0,2023,210009.0
"Lima, OH",102211.0,2023,100838.0
"Lincoln, NE",340221.0,2023,344387.0
"Little Rock-North Little Rock-Conway, AR",748038.0,2023,764045.0
"Logan, UT-ID",147352.0,2023,157887.0
"Longview, TX",286179.0,2023,293498.0
"Longview-Kelso, WA",110728.0,2023,112864.0
"Los Angeles-Long Beach-Anaheim, CA",13200973.0,2023,12799100.0
"Louisville/Jefferson County, KY-IN",1362145.0,2023,1365557.0
"Lubbock, TX",351261.0,2023,360104.0
"Lynchburg, VA",261597.0,2023,264590.0
"Macon-Bibb County, GA",233808.0,2023,236074.0
"Madison, WI",680805.0,2023,694345.0
"Manchester-Nashua, NH",422938.0,2023,427354.0
"Manhattan, KS",134042.0,2023,132831.0
"Mankato, MN",103563.0,2023,104248.0
"Mansfield, OH",124927.0,2023,125064.0
"McAllen-Edinburg-Mission, TX",870787.0,2023,898471.0
"Medford, OR",223255.0,2023,220768.0
"Memphis, TN-MS-AR",1345436.0,2023,1335674.0
"Merced, CA",281205.0,2023,291920.0
"Miami-Fort Lauderdale-West Palm Beach, FL",6138356.0,2023,6183199.0
"Michigan City-La Porte, IN",112404.0,2023,111706.0
"Midland, MI",83487.0,2023,84039.0
"Midland, TX",175224.0,2023,182324.0
"Milwaukee-Waukesha, WI",1574713.0,2023,1560424.0
"Minneapolis-St. Paul-Bloomington, MN-WI",3690271.0,2023,3712020.0
"Minot, ND",77561.0,2023,75742.0
"Missoula, MT",122458.0,2023,126939.0
"Mobile, AL",414809.0,2023,411640.0
"Modesto, CA",552882.0,2023,551430.0
"Monroe, LA",227154.0,2023,221885.0
"Monroe, MI",154802.0,2023,155045.0
"Montgomery, AL",386062.0,2023,385480.0
"Morgantown, WV",140034.0,2023,141817.0
"Morristown, TN",119182.0,2023,124054.0
"Mount Vernon-Anacortes, WA",129524.0,2023,131417.0
"Muncie, IN",111909.0,2023,112321.0
"Muskegon-Norton Shores, MI",174736.0,2023,176564.0
"Myrtle Beach-Conway-North Myrtle Beach, SC",351032.0,2023,397478.0
"Napa, CA",138013.0,2023,133216.0
"Naples-Marco Island, FL",375760.0,2023,404310.0
"Nashville-Davidson--Murfreesboro--Franklin, TN",2014420.0,2023,2102573.0
"New Haven, CT",570455.0,2023,568158.0
"New Orleans-Metairie, LA",1007286.0,2023,962165.0
"New York-Newark-Jersey City, NY-NJ",20081990.0,2023,19498249.0
"Niles, MI",154318.0,2023,152261.0
"North Port-Bradenton-Sarasota, FL",833724.0,2023,910108.0
"Norwich-New London-Willimantic, CT",280428.0,2023,279634.0
"Ocala, FL",375904.0,2023,409959.0
"Odessa, TX",165170.0,2023,164494.0
"Ogden, UT",637207.0,2023,658133.0
"Oklahoma City, OK",1425703.0,2023,1477926.0
"Olympia-Lacey-Tumwater, WA",294792.0,2023,299003.0
"Omaha, NE-IA",967606.0,2023,983969.0
"Orlando-Kissimmee-Sanford, FL",2673391.0,2023,2817933.0
"Oshkosh-Neenah, WI",171735.0,2023,171735.0
"Owensboro, KY",112477.0,2023,112512.0
"Oxnard-Thousand Oaks-Ventura, CA",843840.0,2023,829590.0
"Paducah, KY-IL",103480.0,2023,102267.0
"Palm Bay-Melbourne-Titusville, FL",606621.0,2023,643979.0
"Panama City-Panama City Beach, FL",200531.0,2023,216371.0
"Parkersburg-Vienna, WV",89489.0,2023,88052.0
"Pensacola-Ferry Pass-Brent, FL",509899.0,2023,530090.0
"Peoria, IL",368789.0,2023,362240.0
"Philadelphia-Camden-Wilmington, PA-NJ-DE-MD",6245020.0,2023,6246160.0
"Phoenix-Mesa-Chandler, AZ",4851102.0,2023,5070110.0
"Pinehurst-Southern Pines, NC",99745.0,2023,106898.0
"Pittsburgh, PA",2457036.0,2023,2422725.0
"Pittsfield, MA",129039.0,2023,126818.0
"Pocatello, ID",87019.0,2023,90400.0
"Portland-South Portland, ME",551737.0,2023,566329.0
"Portland-Vancouver-Hillsboro, OR-WA",2512843.0,2023,2508050.0
"Port St. Lucie, FL",487660.0,2023,536901.0
"Prescott Valley-Prescott, AZ",236210.0,2023,249081.0
"Providence-Warwick, RI-MA",1676579.0,2023,1677803.0
"Provo-Orem-Lehi, UT",671172.0,2023,732197.0
"Pueblo, CO",168165.0,2023,169422.0
"Punta Gorda, FL",186825.0,2023,206134.0
"Racine-Mount Pleasant, WI",197735.0,2023,196613.0
"Raleigh-Cary, NC",1413967.0,2023,1509231.0
"Rapid City, SD",147393.0,2023,155974.0
"Reading, PA",428851.0,2023,432821.0
"Redding, CA",182158.0,2023,180366.0
"Reno, NV",549829.0,2023,564782.0
"Richmond, VA",1314424.0,2023,1349732.0
"Riverside-San Bernardino-Ontario, CA",4599842.0,2023,4688053.0
"Roanoke, VA",315246.0,2023,314314.0
"Rochester, MN",226337.0,2023,229077.0
"Rochester, NY",1065398.0,2023,1052087.0
"Rockford, IL",338788.0,2023,334124.0
"Rocky Mount, NC",143865.0,2023,145383.0
"Rome, GA",98582.0,2023,100113.0
"Sacramento-Roseville-Folsom, CA",2397388.0,2023,2420608.0
"Saginaw, MI",190129.0,2023,187782.0
"St. Cloud, MN",199672.0,2023,202577.0
"St. George, UT",180275.0,2023,202452.0
"St. Joseph, MO-KS",121471.0,2023,118475.0
"St. Louis, MO-IL",2820285.0,2023,2796999.0
"Salem, OR",433341.0,2023,436546.0
"Salinas, CA",439035.0,2023,430723.0
"Salisbury, MD",128203.0,2023,129710.0
"Salt Lake City-Murray, UT",1257939.0,2023,1267864.0
"San Angelo, TX",121519.0,2023,120606.0
"San Antonio-New Braunfels, TX",2558115.0,2023,2703999.0
"San Diego-Chula Vista-Carlsbad, CA",3298648.0,2023,3269973.0
"Sandusky, OH",115981.0,2023,113838.0
"San Francisco-Oakland-Fremont, CA",4748982.0,2023,4566961.0
"San Jose-Sunnyvale-Santa Clara, CA",2000489.0,2023,1945767.0
"San Luis Obispo-Paso Robles, CA",282443.0,2023,281639.0
"Santa Cruz-Watsonville, CA",270870.0,2023,261547.0
"Santa Fe, NM",154821.0,2023,155956.0
"Santa Maria-Santa Barbara, CA",448220.0,2023,441257.0
"Santa Rosa-Petaluma, CA",488850.0,2023,481812.0
"Savannah, GA",404803.0,2023,424935.0
"Scranton--Wilkes-Barre, PA",567603.0,2023,569413.0
"Seattle-Tacoma-Bellevue, WA",4018797.0,2023,4044837.0
"Sebastian-Vero Beach-West Vero Corridor, FL",159791.0,2023,169795.0
"Sebring, FL",101239.0,2023,107614.0
"Sheboygan, WI",118032.0,2023,117752.0
"Sherman-Denison, TX",135543.0,2023,146907.0
"Shreveport-Bossier City, LA",393409.0,2023,383295.0
"Sierra Vista-Douglas, AZ",125445.0,2023,124640.0
"Sioux City, IA-NE-SD",144344.0,2023,144402.0
"Sioux Falls, SD-MN",286400.0,2023,304555.0
"Slidell-Mandeville-Covington, LA",264571.0,2023,275583.0
"South Bend-Mishawaka, IN-MI",324513.0,2023,324490.0
"Spartanburg, SC",355232.0,2023,383327.0
"Spokane-Spokane Valley, WA",585790.0,2023,600292.0
"Springfield, IL",208636.0,2023,205445.0
"Springfield, MA",465839.0,2023,460291.0
"Springfield, MO",475433.0,2023,491053.0
"Springfield, OH",135971.0,2023,134610.0
"State College, PA",158163.0,2023,157795.0
"Staunton-Stuarts Draft, VA",125434.0,2023,127344.0
"Stockton-Lodi, CA",779230.0,2023,800965.0
"Sumter, SC",105548.0,2023,104165.0
"Syracuse, NY",662068.0,2023,652956.0
"Tallahassee, FL",384301.0,2023,392645.0
"Tampa-St. Petersburg-Clearwater, FL",3175291.0,2023,3342963.0
"Terre Haute, IN",168874.0,2023,168787.0
"Texarkana, TX-AR",147524.0,2023,145907.0
"Toledo, OH",606241.0,2023,600141.0
"Topeka, KS",233139.0,2023,232322.0
"Traverse City, MI",153456.0,2023,156371.0
"Trenton-Princeton, NJ",387328.0,2023,381671.0
"Tucson, AZ",1043435.0,2023,1063162.0
"Tulsa, OK",1015338.0,2023,1044757.0
"Tuscaloosa, AL",268686.0,2023,278290.0
"Twin Falls, ID",114291.0,2023,120635.0
"Tyler, TX",233484.0,2023,245209.0
"Urban Honolulu, HI",1016507.0,2023,989408.0
"Utica-Rome, NY",292257.0,2023,287039.0
"Valdosta, GA",148135.0,2023,151118.0
"Vallejo, CA",453491.0,2023,449218.0
"Victoria, TX",98338.0,2023,98808.0
"Vineland, NJ",154160.0,2023,152326.0
"Virginia Beach-Chesapeake-Norfolk, VA-NC",1780062.0,2023,1787169.0
"Visalia, CA",473116.0,2023,479468.0
"Waco, TX",295788.0,2023,304865.0
"Walla Walla, WA",62585.0,2023,61568.0
"Warner Robins, GA",191628.0,2023,200779.0
"Washington-Arlington-Alexandria, DC-VA-MD-WV",6278594.0,2023,6304975.0
"Waterbury-Shelton, CT",450435.0,2023,456128.0
"Waterloo-Cedar Falls, IA",168459.0,2023,168162.0
"Watertown-Fort Drum, NY",116711.0,2023,114787.0
"Wausau, WI",138026.0,2023,138612.0
"Weirton-Steubenville, WV-OH",116892.0,2023,113544.0
"Wenatchee-East Wenatchee, WA",122014.0,2023,124795.0
"Wheeling, WV-OH",139520.0,2023,135517.0
"Wichita, KS",647607.0,2023,652939.0
"Wichita Falls, TX",148136.0,2023,149947.0
"Wildwood-The Villages, FL",129745.0,2023,151565.0
"Williamsport, PA",114189.0,2023,112724.0
"Wilmington, NC",422601.0,2023,467337.0
"Winchester, VA-WV",142636.0,2023,147260.0
"Winston-Salem, NC",675986.0,2023,695630.0
"Worcester, MA",862116.0,2023,866866.0
"Yakima, WA",256738.0,2023,256643.0
"York-Hanover, PA",456441.0,2023,464640.0
"Youngstown-Warren, OH",430676.0,2023,425969.0
"Yuba City, CA",181214.0,2023,183670.0
"Yuma, AZ",205002.0,2023,213221.0
Puerto Rico,3285874.0,2023,3205691.0
"Aguadilla, PR",253768.0,2023,250435.0
"Arecibo, PR",182705.0,2023,179470.0
"Guayama, PR",68442.0,2023,65190.0
"Mayagüez, PR",213831.0,2023,207877.0
"Ponce, PR",278477.0,2023,266237.0
"San Juan-Bayamón-Caguas, PR",2081265.0,2023,2035733.0
"Vintage 2023 data products are associated with Data Management System projects P-6000042, P-7501659, and P-7527355. The U.S. Census Bureau reviewed these data products for unauthorized disclosure of confidential information and approved the disclosure avoidance practices applied to this release (CBDRB-FY24-0085).",2081265.0,2023,2035733.0
"Note: The estimates are developed from a base that integrates the 2020 Census, Vintage 2020 estimates, and (for the U.S. only) 2020 Demographic Analysis estimates. For population estimates methodology statements, see https://www.census.gov/programs-surveys/popest/technical-documentation/methodology.html. The Office of Management and Budget’s statistical area delineations for metropolitan, micropolitan, and combined statistical areas, as well as metropolitan divisions, are those issued by that agency in July 2023. All other geographic boundaries for the 2023 population estimates series are as of January 1, 2023.",2081265.0,2023,2035733.0
